2019,Temperature (°F),,,Dew Point (°F),,,Humidity (%),,,Wind Speed (mph),,,Pressure (in),,,Precipitation (in)
Jan,Max,Avg,Min,Max,Avg,Min,Max,Avg,Min,Max,Avg,Min,Max,Avg,Min,Total
1,45,38.1,34,8,3.9,1,30,24.5,16,23,12.5,0,27.9,27.8,27.7,0
2,47,36.5,27,10,5.3,2,37,28.2,17,8,3.8,0,28,27.9,27.9,0
3,50,38.4,28,17,13.1,10,49,37.1,23,6,2.8,0,28,27.9,27.8,0
4,54,41.2,30,19,16.8,15,56,39.1,22,6,3.6,0,27.9,27.8,27.7,0
5,49,41.5,35,40,23.9,18,100,54,29,8,2.9,0,27.7,27.7,27.6,0
6,53,45,40,42,40.5,37,100,85.3,61,16,5.4,0,27.7,27.6,27.6,0.17
7,51,49,47,41,39.9,36,80,70.8,61,16,7.8,0,28,27.9,27.7,0
8,58,50,43,42,37.6,36,82,63.8,44,10,3.8,0,28,27.9,27.8,0
9,61,50.3,42,38,36.3,35,76,60.3,39,9,4.4,0,27.9,27.8,27.8,0
10,62,50.4,39,37,35.5,33,79,58.5,38,8,4.1,0,27.8,27.8,27.7,0
11,58,50.4,40,35,30.7,28,68,48.4,34,10,3.3,0,27.9,27.8,27.8,0
12,56,48.9,39,28,26.3,24,62,42.8,29,10,3.8,0,27.8,27.8,27.7,0
13,56,46.3,37,26,24.6,23,60,44.2,28,12,3.5,0,27.9,27.8,27.8,0
14,54,47,43,44,33.4,26,97,62.4,38,10,5.5,0,27.9,27.8,27.7,0
15,48,47.1,45,48,45.3,43,100,93.6,87,10,6.2,0,27.8,27.7,27.7,0.35
16,58,50.6,45,48,45.5,43,96,83.2,62,14,5.9,0,27.9,27.8,27.7,0.52
17,63,55.4,50,51,46.7,39,93,74,47,23,9.4,0,27.8,27.7,27.6,0.02
18,60,52.7,45,44,37.1,30,86,58,36,13,7.1,3,28,27.9,27.7,0.06
19,61,50.6,43,36,33.8,29,71,54.7,30,7,2.6,0,28.1,28,27.9,0
20,57,49.6,40,38,36.1,34,79,61.1,44,12,4,0,27.9,27.7,27.4,0
21,59,50.7,45,36,28,16,65,42.8,25,32,19.6,7,27.8,27.5,27.4,0
22,51,45.6,41,16,12,7,34,26.3,17,28,17.5,5,28.1,28,27.8,0
23,53,44.2,35,21,16.3,14,48,33.8,21,10,4.6,0,28.1,28,27.9,0
24,61,49.5,37,28,24.9,21,57,39.9,25,12,4.3,0,28,27.9,27.9,0
25,61,52.5,42,26,22.7,20,51,32.9,21,16,8.2,0,27.9,27.9,27.8,0
26,64,55.9,49,25,21.4,19,35,26.6,18,17,9.4,3,28.1,28,27.9,0
27,64,53.1,44,32,28.8,26,53,40.6,26,8,3.3,0,28,27.9,27.7,0
28,69,57.5,47,32,29,25,54,35.7,19,14,6.7,0,27.8,27.8,27.7,0
29,62,56,49,32,30,27,52,38,26,7,2.3,0,27.7,27.7,27.6,0
30,62,53,45,31,27.8,22,56,39.7,21,7,3.2,0,27.7,27.6,27.6,0
31,61,51.4,41,29,26.3,23,60,39.5,24,8,3.5,0,27.7,27.7,27.6,0
Feb,,,,,,,,,,,,,,,,
1,64,53.7,41,38,30.5,26,60,43,26,9,4.4,0,27.7,27.7,27.6,0
2,57,53.9,51,51,44.9,35,93,72.8,49,22,10.9,0,27.6,27.5,27.3,0
3,60,53.9,47,38,35.2,32,63,49.6,39,28,17.2,6,27.5,27.4,27.4,0.35
4,57,51.7,48,41,37.9,31,74,60,44,22,13.7,7,27.5,27.4,27.4,0
5,53,46,38,36,27.7,15,71,50.3,29,28,17.5,7,27.5,27.4,27.4,0
6,48,41.7,36,23,11.3,4,53,30.3,16,25,16,0,27.9,27.6,27.5,0.01
7,47,39.6,33,21,14.3,10,55,36.7,23,12,4.8,0,28,27.9,27.9,0
8,50,40.3,30,22,18.2,14,64,43.2,25,8,3,0,27.9,27.8,27.7,0
9,56,44.7,33,28,24.4,22,66,47,29,23,10.5,0,27.6,27.6,27.5,0
10,57,46.9,36,36,27.4,19,82,48.5,29,35,18.3,7,27.7,27.5,27.4,0
11,49,41.3,32,17,12.7,9,48,32.3,20,21,8.1,0,27.9,27.8,27.7,0
12,51,41.9,31,23,18.3,16,61,40.8,25,9,3.9,0,27.9,27.9,27.7,0
13,55,47.9,41,30,24.9,21,51,41,30,15,5.7,0,27.7,27.6,27.6,0
14,56,47.8,45,47,41.8,25,97,82.7,41,26,7.9,0,27.6,27.5,27.3,0
15,59,49.3,37,35,32,28,89,54.9,32,30,14.3,0,27.6,27.6,27.5,1.2
16,53,46.9,41,32,28.1,17,67,49.9,24,32,13.1,0,27.7,27.6,27.5,0
17,49,39.5,34,34,30.6,23,96,72.8,36,20,7.4,0,27.6,27.6,27.5,0
18,48,41.5,37,34,22.6,17,89,49.8,30,26,14.6,0,27.7,27.6,27.6,0.33
19,46,40.6,34,19,11.5,7,54,31.3,21,23,15.3,0,27.8,27.7,27.7,0
20,46,36.7,31,34,26.4,19,100,69.9,34,14,5.6,0,27.6,27.4,27.4,0
21,41,35.5,33,34,32.7,30,100,90.1,73,13,3.2,0,27.4,27.3,27.3,0.13
22,49,37.1,0,27,14.3,0,67,32.1,0,28,14,3,27.8,27.6,27.5,0.25
23,50,41.1,31,25,18.9,13,60,42.9,23,8,3.1,0,28,27.9,27.8,0
24,55,44,33,29,23.2,15,73,47.8,22,7,2.7,0,27.9,27.8,27.7,0
25,58,47.7,37,30,27.7,25,70,47.8,31,9,4.5,0,27.8,27.7,27.7,0
26,66,54.6,43,34,30.9,29,62,42.2,25,18,8.7,0,27.8,27.7,27.7,0
27,71,58.6,45,42,33.2,26,63,41.6,19,21,8.5,0,27.7,27.7,27.6,0
28,73,63.6,53,44,38.4,33,69,41.5,23,28,10.3,0,27.7,27.6,27.6,0
Mar,Max,Avg,Min,Max,Avg,Min,Max,Avg,Min,Max,Avg,Min,Max,Avg,Min,Total
1,72,62.3,53,38,32.3,25,55,35,18,17,7.9,0,27.7,27.6,27.5,0
2,68,61.2,55,48,42.5,37,75,51.3,39,30,13,3,27.6,27.5,27.5,0
3,69,59.6,49,43,39.7,36,74,50.3,30,16,5.9,0,27.6,27.6,27.5,0.02
4,67,58.1,48,41,38.8,37,68,50.2,34,7,3.7,0,27.7,27.7,27.6,0
5,69,60.5,53,45,38.8,33,64,46.5,26,17,6,0,27.8,27.7,27.6,0
6,60,56.6,54,51,45.7,42,90,68.1,53,20,9.8,0,27.6,27.6,27.5,0.12
7,67,59.3,54,41,33.9,20,62,40.8,17,21,13.5,5,27.6,27.5,27.4,0.14
8,58,52.4,46,33,27.3,23,50,38.5,29,24,11.5,3,27.6,27.5,27.4,0
9,59,50,39,28,23.2,18,63,37.9,21,13,6.6,0,27.6,27.6,27.5,0
10,58,52.6,49,36,29.8,22,59,42.6,31,14,7.9,0,27.6,27.6,27.5,0
11,64,54.5,46,47,33.4,27,86,49,25,15,9.3,0,27.7,27.6,27.5,0
12,63,55.6,47,47,41.1,28,89,61.1,34,29,9.9,0,27.6,27.4,27.2,0.11
13,57,51.1,47,38,16.1,6,68,27.6,14,32,19.1,7,27.8,27.6,27.3,0.02
14,59,50.7,43,24,16,12,36,25.9,18,23,13.3,5,28,27.9,27.9,0
15,65,55.3,44,26,18.2,10,49,25.8,12,18,9.3,0,28,27.9,27.8,0
16,70,60.7,50,27,21.8,19,32,23.1,16,17,9.6,3,27.9,27.8,27.8,0
17,74,61.6,48,31,25.6,20,46,27.6,14,8,4.4,0,27.9,27.8,27.7,0
18,75,63.3,50,33,28.2,23,48,29,15,8,4.3,0,27.8,27.7,27.6,0
19,75,64.2,52,36,28.3,23,51,28.3,14,10,4.5,0,27.8,27.7,27.6,0
20,67,60.1,54,45,36.1,30,72,43.3,27,21,7.7,0,27.7,27.6,27.6,0
21,62,54.8,49,46,39,30,83,58,31,20,8,0,27.7,27.6,27.6,0.04
22,68,58.3,47,38,34.8,30,68,43.6,25,15,6,0,27.8,27.7,27.7,0
23,72,61.6,51,38,32.8,26,61,36.7,18,22,10.1,0,27.7,27.7,27.6,0
24,71,61.6,53,35,28.4,19,50,31,15,20,7.4,0,27.9,27.8,27.7,0
25,74,61.9,48,33,28.4,23,56,31.5,15,10,5,0,27.9,27.8,27.7,0
26,79,65.5,52,32,24,13,45,24.3,8,13,5.6,0,27.7,27.6,27.6,0
27,78,66.2,53,38,21,11,37,20.4,8,18,9,0,27.7,27.6,27.6,0
28,75,65.6,58,38,29.6,21,44,27.6,13,25,14.4,0,27.7,27.7,27.6,0
29,71,61.9,52,30,19.8,10,43,22,9,14,7.3,0,27.8,27.8,27.7,0
30,70,60.9,51,23,19.8,16,31,21.1,14,13,5.7,0,27.9,27.8,27.7,0
31,72,62.6,54,26,22.2,17,33,22,13,17,8.8,0,27.9,27.8,27.7,0
Apr,Max,Avg,Min,Max,Avg,Min,Max,Avg,Min,Max,Avg,Min,Max,Avg,Min,Total
1,73,63.3,52,27,22.8,18,38,22.9,12,8,4.5,0,27.8,27.7,27.6,0
2,79,72.5,63,36,28.4,23,37,20.8,13,23,17.7,8,27.5,27.4,27.4,0
3,75,66.3,57,38,33.7,28,49,31.5,19,15,6.5,0,27.7,27.6,27.5,0
4,76,67.6,59,36,33.4,29,42,29.1,21,20,8,0,27.7,27.6,27.5,0
5,74,67,61,38,35,33,38,31.3,23,22,11,0,27.6,27.5,27.5,0
6,78,67,58,42,35.2,19,56,33.5,11,30,9.7,0,27.8,27.7,27.6,0
7,82,70.6,59,37,31.7,29,39,24.9,15,12,4.5,0,27.9,27.8,27.8,0
8,86,74.7,63,37,31.9,26,34,22,13,10,5.1,0,27.8,27.8,27.6,0
9,84,73.9,60,36,28.5,15,30,19.6,8,35,22.1,6,27.6,27.5,27.4,0
10,70,61.6,54,22,16.2,4,28,18.2,8,33,22.4,9,27.7,27.6,27.6,0
11,69,62.4,54,34,21.2,16,39,21.1,15,23,14,0,27.7,27.6,27.4,0
12,66,58.8,53,39,36.2,32,59,43.7,29,23,12.9,0,27.6,27.5,27.4,0
13,74,63.2,53,35,27.6,24,49,27.9,17,13,5.7,0,27.7,27.6,27.6,0
14,82,68.5,53,32,28.2,23,43,24.4,12,17,8.5,0,27.6,27.5,27.4,0
15,80,72.3,66,34,30.7,24,28,22.2,15,23,16.3,10,27.5,27.4,27.4,0
16,67,59,51,47,40.3,33,83,53.7,31,31,13,0,27.7,27.5,27.4,0
17,78,66.2,53,44,33,25,71,33.6,14,18,11.2,0,27.8,27.8,27.7,0
18,85,71.7,57,39,34,24,49,28,12,8,4.7,0,27.9,27.8,27.7,0
19,87,74.6,60,40,33.1,27,46,24.9,11,8,4.3,0,27.8,27.6,27.5,0
20,88,76,63,39,31.8,22,37,21.9,9,21,11.4,0,27.5,27.4,27.3,0
21,79,70.2,62,42,35.8,20,43,29.5,11,21,12.1,0,27.6,27.5,27.4,0
22,79,69.8,61,37,35,30,39,29,17,22,11.4,0,27.7,27.6,27.6,0
23,86,76,67,38,34.6,27,34,23.3,12,21,11.2,3,27.7,27.6,27.6,0
24,91,79.2,66,39,35,30,33,21.1,13,10,5.7,0,27.7,27.6,27.5,0
25,93,81.8,68,40,36.1,32,36,20.8,11,20,6.1,0,27.7,27.6,27.5,0
26,95,83.6,71,43,35.5,25,36,20,9,17,8,0,27.6,27.6,27.5,0
27,92,82,68,36,31.4,22,26,16.7,8,20,8.4,0,27.6,27.5,27.4,0
28,91,81.6,67,32,27.5,20,26,14.8,8,24,10.7,0,27.5,27.4,27.3,0
29,80,64.9,55,53,45.7,31,89,56.4,17,30,11.3,0,27.5,27.4,27.4,0
30,77,66.4,56,51,42.9,28,81,48.7,17,23,11.4,0,27.5,27.5,27.4,0.56
May,Max,Avg,Min,Max,Avg,Min,Max,Avg,Min,Max,Avg,Min,Max,Avg,Min,Total
1,73,65.8,58,37,27,23,37,23.8,17,18,9.4,0,27.7,27.6,27.6,0
2,80,68.9,55,39,31.7,25,55,28.1,14,8,3.8,0,27.7,27.6,27.6,0
3,83,73,60,39,29.3,20,44,23.3,10,9,5,0,27.7,27.6,27.5,0
4,89,76.4,61,35,27.3,15,38,19,8,14,6.1,0,27.6,27.5,27.4,0
5,89,76.6,62,33,25.6,17,32,16.6,8,14,6.8,0,27.5,27.4,27.3,0
6,81,73,63,40,33,26,41,24.5,13,20,7.9,0,27.5,27.4,27.4,0
7,84,72.3,60,48,38.4,32,45,30.1,19,29,7.2,0,27.6,27.5,27.5,0
8,86,74.8,64,50,38.4,24,60,32.3,10,21,7.8,0,27.6,27.5,27.4,0.01
9,75,68.1,57,53,42.3,33,87,42.3,22,18,10.4,0,27.6,27.5,27.4,0
10,74,63.8,56,53,48.1,42,90,60.1,33,15,6.3,0,27.6,27.5,27.5,0.53
11,81,72.5,63,48,43.5,39,56,37.4,23,14,5.2,0,27.6,27.6,27.5,0
12,86,76.1,66,45,39.8,31,47,29.4,16,12,5,0,27.6,27.6,27.5,0
13,91,79.5,66,48,39.1,31,50,26.5,12,14,6.1,0,27.6,27.6,27.5,0
14,91,81.2,69,42,34.2,24,38,20.3,10,17,8.2,0,27.7,27.6,27.5,0
15,91,80.2,70,40,33.5,25,33,19.5,12,26,10.3,0,27.6,27.5,27.4,0
16,75,69.2,62,46,32.8,23,45,26.6,20,31,15.1,8,27.5,27.4,27.4,0
17,72,63.9,55,35,30.6,26,40,29.6,19,21,7.8,0,27.6,27.6,27.5,0
18,81,69.1,56,37,29.1,19,49,25.8,11,17,7.3,0,27.6,27.5,27.4,0
19,73,65.9,59,42,34.5,27,49,32.8,18,30,19.4,5,27.4,27.4,27.3,0
20,72,63.1,55,35,31.4,26,42,31.6,20,22,15.2,5,27.5,27.4,27.4,0
21,74,64.1,56,38,30.9,27,44,30,18,26,12.8,0,27.4,27.3,27.2,0
22,63,58.4,53,41,37.8,34,64,47,34,22,8.1,0,27.4,27.4,27.3,0
23,69,60.9,53,46,41.3,37,77,50.5,32,20,10.1,0,27.6,27.5,27.4,0.02
24,76,68,58,44,40,36,58,37.6,24,8,3.7,0,27.7,27.6,27.5,0.01
25,83,73.1,59,43,33.5,22,53,27.3,11,17,8.4,0,27.5,27.5,27.4,0
26,74,68.3,59,39,34.5,21,42,29.6,15,24,15.1,0,27.4,27.4,27.4,0
27,71,62,53,39,35.8,29,57,38.7,27,24,10.7,0,27.6,27.5,27.4,0
28,79,70,60,50,41.4,37,51,36.6,23,18,7,0,27.6,27.5,27.5,0
29,83,78.4,72,44,42,40,37,27.9,24,6,3.6,0,27.6,27.5,27.5,0
30,86,77.3,65,48,42.9,38,45,30.8,18,18,6.2,0,27.6,27.6,27.5,0
31,90,78.8,67,47,41.3,35,47,28.5,15,17,5.9,0,27.6,27.5,27.4,0.01
Jun,Max,Avg,Min,Max,Avg,Min,Max,Avg,Min,Max,Avg,Min,Max,Avg,Min,Total
1,89,81.2,70,43,32,18,35,19,7,15,8.5,0,27.6,27.5,27.4,0
2,89,79.3,70,42,34.9,24,35,22,9,15,8.7,0,27.6,27.5,27.4,0
3,92,82.3,71,37,32.3,26,28,17.7,10,10,5.5,0,27.6,27.5,27.5,0
4,97,87,76,38,34.3,31,23,16,10,12,6.6,0,27.6,27.6,27.5,0
5,100,90.3,77,43,39.8,37,26,17.5,12,10,5.2,0,27.6,27.5,27.5,0
6,101,91.2,78,45,37.4,27,29,16.6,9,24,12,0,27.6,27.5,27.4,0
7,96,87.8,78,40,32.4,22,23,14.8,7,25,15.3,9,27.5,27.4,27.4,0
8,89,81.5,74,39,31.5,26,25,16.8,12,25,11,0,27.7,27.6,27.5,0
9,89,80.9,70,26,20.2,14,17,11.2,6,15,9,3,27.9,27.8,27.7,0
10,96,85.8,74,32,22.4,19,16,10.1,7,15,6.5,0,27.8,27.8,27.7,0
11,99,89.1,75,33,28.5,24,19,12,7,10,4.3,0,27.8,27.7,27.6,0
12,105,92.8,78,37,31,27,20,11.8,7,14,5.7,0,27.7,27.6,27.5,0
13,104,93.2,78,41,30.6,10,26,12.7,3,21,9.5,0,27.5,27.5,27.4,0
14,95,87.8,79,42,38.6,33,23,17.8,13,24,7.5,0,27.5,27.5,27.4,0
15,102,90.5,79,43,41,37,28,18.6,11,10,5.5,0,27.6,27.5,27.4,0
16,100,89.8,80,48,40.8,33,28,18.9,10,18,7.8,0,27.5,27.5,27.4,0
17,97,87.7,76,49,40.7,26,38,21.9,9,15,6.6,3,27.6,27.5,27.5,0
18,99,89.8,77,45,41.4,37,31,19.4,12,15,7,0,27.6,27.6,27.5,0
19,104,91.9,76,45,36.5,30,27,15.3,10,15,6.8,0,27.6,27.5,27.4,0
20,102,92.6,81,47,37,28,24,14.8,8,26,15.4,0,27.5,27.4,27.3,0
21,94,86.3,78,40,30.5,13,25,14.4,7,22,9.4,0,27.4,27.4,27.3,0
22,89,81.2,73,23,18.6,14,15,10,6,24,12.6,0,27.7,27.6,27.5,0
23,94,82.3,67,30,23.1,20,21,11.9,7,10,4,0,27.7,27.6,27.6,0
24,101,87.3,70,32,26.5,23,22,12.1,7,14,7.2,0,27.6,27.5,27.4,0
25,98,88.8,75,38,26.2,14,21,11.6,5,20,11.2,0,27.5,27.5,27.4,0
26,99,87.6,74,40,31.2,20,24,13.7,10,22,12.7,0,27.6,27.5,27.5,0
27,98,88.1,77,38,31.1,21,24,14.1,7,22,12.5,5,27.6,27.6,27.5,0
28,101,89.9,74,36,29.1,19,22,12.2,6,17,9.8,3,27.7,27.6,27.5,0
29,98,89,75,40,27.7,13,20,11.5,5,13,6.9,0,27.7,27.6,27.6,0
30,99,90.3,82,42,28.9,15,21,11.6,6,12,7,0,27.7,27.6,27.5,0
Jul,Max,Avg,Min,Max,Avg,Min,Max,Avg,Min,Max,Avg,Min,Max,Avg,Min,Total
1,103,90.8,73,31,27.3,20,20,11,6,20,8.8,0,27.6,27.6,27.5,0
2,102,90.6,75,34,24.6,16,21,10.3,4,18,10,0,27.6,27.5,27.4,0
3,99,89.7,77,32,27,23,18,11,7,24,12.5,0,27.5,27.4,27.4,0
4,99,89.3,77,31,24.8,9,19,10.8,4,16,10.6,5,27.6,27.5,27.4,0
5,100,88.8,72,35,30.8,27,22,13.1,9,21,7.8,0,27.7,27.6,27.6,0
6,102,90.6,73,36,29.8,22,26,12.6,6,17,8.1,0,27.7,27.6,27.5,0
7,100,91.5,77,37,31.2,18,24,12.6,7,18,10,0,27.6,27.5,27.5,0
8,99,88.9,78,37,32,27,23,14,8,16,11.9,7,27.6,27.5,27.5,0
9,101,89.5,76,41,35,30,28,15.4,9,20,6.9,0,27.7,27.6,27.6,0
10,104,92,74,38,32.6,28,25,13.3,7,13,6.3,0,27.7,27.7,27.6,0
11,108,96.3,81,41,31.9,21,22,11.8,5,16,8,0,27.7,27.6,27.5,0
12,106,96.3,87,51,39.9,32,24,14.6,11,21,6.7,0,27.6,27.6,27.5,0
13,109,96.2,81,50,41.5,32,33,17.2,7,17,6.7,0,27.6,27.5,27.5,0
14,108,98.4,84,41,30.8,23,20,10.3,5,14,6.9,0,27.6,27.6,27.5,0
15,108,97.5,83,32,25.6,17,14,8.4,5,18,8.7,0,27.6,27.6,27.5,0
16,107,94.6,77,32,24.1,16,19,9,4,21,10,0,27.5,27.5,27.4,0
17,104,94,83,38,29,14,20,10.8,4,18,12.5,5,27.6,27.5,27.5,0
18,105,92.8,77,41,30.9,21,24,12.5,5,20,9.7,0,27.6,27.6,27.5,0
19,103,91.7,77,40,30.4,20,23,12.5,6,24,10.3,0,27.6,27.5,27.4,0
20,103,91.8,76,42,33.9,28,24,13.9,7,17,7,0,27.6,27.5,27.5,0
21,106,93.3,77,42,35,30,24,13.7,8,12,6.7,3,27.6,27.6,27.5,0
22,106,95.2,81,49,43.2,35,20,16.7,13,15,7.8,0,27.7,27.6,27.6,0
23,101,96.5,92,53,50.9,48,27,21.6,17,14,7.7,0,27.7,27.7,27.6,0
24,98,89.2,0,59,52.4,0,35,26.4,0,15,5.6,0,27.7,27.7,27.6,0
25,97,92,86,62,58,55,43,32.3,26,12,5.3,0,27.7,27.7,27.6,0
26,105,95.2,84,57,53.3,48,38,25.2,16,21,8.8,3,27.7,27.6,27.6,0
27,106,96.1,85,54,50.2,45,33,22.1,13,16,9.5,3,27.7,27.7,27.6,0
28,108,99.4,88,50,45.4,37,24,16.3,12,12,5.8,0,27.7,27.6,27.5,0
29,110,99.5,84,41,29.3,18,20,9.8,4,18,9.2,0,27.6,27.5,27.4,0
30,107,96.5,83,53,41.5,27,23,15.3,9,25,12.5,0,27.6,27.5,27.5,0
31,94,89.4,85,63,59,47,48,36.6,22,24,11.2,3,27.7,27.6,27.6,0
Aug,Max,Avg,Min,Max,Avg,Min,Max,Avg,Min,Max,Avg,Min,Max,Avg,Min,Total
1,103,91.6,79,62,50.9,35,54,29.3,11,13,6.3,0,27.7,27.6,27.6,0
2,107,95.2,81,42,38.8,35,25,14.5,10,10,5.3,0,27.7,27.6,27.5,0
3,108,97.9,85,47,40.4,38,23,14.3,10,14,6.6,0,27.6,27.6,27.5,0
4,109,97.8,84,44,38.7,31,24,13.9,8,16,6.1,0,27.6,27.6,27.5,0
5,110,98.3,83,41,35,30,22,12,7,14,5.7,0,27.7,27.6,27.5,0
6,107,95.1,88,48,40.4,34,24,15.3,10,20,6,0,27.6,27.6,27.5,0
7,103,89.2,82,57,49.5,44,39,26.6,14,22,7.3,0,27.6,27.6,27.5,0
8,100,89.6,77,58,51.5,39,52,29.7,13,12,4.8,0,27.6,27.6,27.5,0
9,102,92.5,79,45,31,19,26,13,5,22,10.3,0,27.6,27.5,27.5,0
10,99,88.3,73,36,26,10,23,11.9,4,21,9.5,0,27.6,27.5,27.5,0
11,98,88.1,74,41,31.2,18,26,14.8,6,18,9.7,0,27.6,27.6,27.5,0
12,101,89,73,36,31.6,26,22,13.5,9,12,5.3,0,27.7,27.6,27.6,0
13,103,91.6,76,39,35.2,31,21,14.2,9,12,6.1,0,27.7,27.6,27.6,0
14,106,94.3,80,39,32.6,25,23,12.4,6,8,4.3,0,27.7,27.6,27.6,0
15,109,96.2,81,36,27.7,18,18,10,4,15,6.3,0,27.7,27.6,27.5,0
16,107,93.7,77,33,24.7,19,19,9.3,4,17,5.7,0,27.6,27.5,27.4,0
17,104,92,78,38,24.9,10,23,10.7,3,24,8.8,0,27.5,27.5,27.4,0
18,104,89.6,74,33,25.6,18,18,10.7,5,17,7.3,0,27.6,27.5,27.5,0
19,103,89.2,73,30,25.3,22,20,10.9,6,16,6.9,0,27.6,27.6,27.5,0
20,104,90.5,75,30,26.6,22,18,10.8,6,10,4.3,0,27.6,27.6,27.5,0
21,107,93.2,79,34,25.3,19,20,9.6,5,13,6,0,27.6,27.5,27.4,0
22,104,92.9,77,32,21.6,10,19,8.5,3,20,9,0,27.5,27.4,27.4,0
23,103,91.2,76,49,36.5,25,21,15.1,7,16,8.8,0,27.6,27.5,27.4,0
24,104,92.3,77,51,42.9,38,33,19,11,20,9.4,3,27.7,27.6,27.6,0
25,105,92.9,78,55,41.4,35,33,18.3,9,14,6.8,0,27.7,27.6,27.5,0
26,106,94.1,80,50,40.5,36,25,16.2,10,8,4.3,0,27.6,27.5,27.5,0
27,106,95.7,83,53,46.5,41,25,18.8,14,9,5.1,0,27.6,27.5,27.5,0
28,108,96.5,83,52,46.5,39,32,19.5,10,16,7.2,0,27.6,27.6,27.5,0
29,106,95.1,84,57,48,40,34,21.3,11,20,9.8,0,27.7,27.6,27.5,0
30,107,94.9,81,47,34.9,24,30,14.5,6,18,8.4,0,27.6,27.6,27.5,0
31,108,93.8,79,40,28.4,14,20,10.7,4,14,5.9,0,27.6,27.6,27.5,0
Sep,Max,Avg,Min,Max,Avg,Min,Max,Avg,Min,Max,Avg,Min,Max,Avg,Min,Total
1,108,93.6,77,46,31,20,16,11.3,6,16,6.8,0,27.7,27.6,27.5,0
2,100,90.7,82,61,54.8,50,47,30.7,19,32,9.5,0,27.7,27.7,27.6,0
3,103,93.2,82,53,50.4,47,34,24,15,14,5.4,0,27.7,27.6,27.5,0
4,101,91.7,82,53,49.6,45,35,24.5,16,20,5.7,0,27.6,27.6,27.6,0
5,101,93.6,86,58,50.5,45,36,23.8,15,14,6.8,0,27.7,27.7,27.6,0
6,104,92.8,82,57,51.1,46,38,25.5,14,14,5.8,0,27.7,27.7,27.6,0
7,103,92.8,81,51,45.3,34,35,20.5,12,18,8,0,27.6,27.6,27.4,0
8,95,86.5,76,38,30.7,25,20,13.8,9,18,8,0,27.5,27.5,27.4,0
9,97,84.3,70,49,31,23,28,16,7,18,9.4,0,27.6,27.5,27.4,0
10,92,83.6,76,44,37.2,24,32,20.3,9,24,11.6,0,27.5,27.4,27.4,0
11,89,80,68,35,29.4,26,25,16.5,11,16,6.8,0,27.7,27.6,27.5,0
12,91,81,69,34,28.8,24,22,15.6,10,10,5.8,0,27.9,27.8,27.7,0
13,96,83.8,69,34,29.2,26,24,14.9,8,9,4.1,0,27.8,27.7,27.6,0
14,99,86.2,71,33,28.6,24,24,13.6,7,10,4.3,0,27.7,27.6,27.6,0
15,99,86.7,71,48,39.1,27,33,19.6,10,14,7.5,0,27.6,27.6,27.5,0
16,95,87.3,79,35,29.1,22,18,12.8,7,24,15,6,27.6,27.5,27.4,0
17,88,80.2,74,34,29.2,22,22,16.1,9,22,8.1,0,27.7,27.6,27.5,0
18,92,79.1,64,34,28.6,20,33,17.2,7,18,9.1,0,27.6,27.5,27.4,0
19,87,79.2,71,39,30.9,22,29,18.1,9,28,16.6,3,27.5,27.4,27.4,0
20,82,73.6,65,34,28.3,20,29,19.5,10,21,10.5,0,27.6,27.6,27.5,0
21,84,74.1,62,31,26.8,24,26,17.9,12,10,5.1,0,27.7,27.6,27.6,0
22,87,76.7,62,32,28,23,32,17.7,10,12,4.7,0,27.7,27.6,27.6,0
23,88,75.9,66,52,38.1,26,59,27.4,17,22,7.2,0,27.7,27.6,27.6,0
24,93,78.5,65,52,37.5,28,60,27.8,10,16,6.3,0,27.8,27.7,27.6,0.11
25,93,81.9,70,50,38.1,35,34,21.7,13,9,3.1,0,27.6,27.6,27.5,0
26,87,79.3,73,59,53.9,50,61,42.5,30,12,7.1,0,27.7,27.6,27.5,0
27,89,78.4,68,57,54.4,49,68,45.6,26,17,8.7,5,27.6,27.5,27.4,0
28,86,77.8,69,54,45,33,48,32.5,20,31,18.5,10,27.4,27.3,27.2,0
29,74,67.8,61,40,23.2,9,40,20.5,10,28,11.9,0,27.5,27.4,27.3,0
30,78,66,53,24,12.5,5,26,13.6,6,20,10.5,0,27.6,27.5,27.4,0
Oct,Max,Avg,Min,Max,Avg,Min,Max,Avg,Min,Max,Avg,Min,Max,Avg,Min,Total
1,78,66.5,54,20,15.2,11,22,14.3,8,16,8.4,0,27.6,27.5,27.5,0
2,78,67.8,59,19,15,9,20,13.8,7,14,6.8,0,27.8,27.7,27.6,0
3,84,69.4,53,30,19.6,12,29,16.2,9,12,5.4,0,27.7,27.6,27.5,0
4,84,75.3,68,24,19.1,11,17,12.5,8,16,7.2,0,27.7,27.6,27.5,0
5,84,71.8,58,25,14,5,20,11.4,7,12,4.8,0,27.8,27.8,27.7,0
6,84,72.6,63,27,19,9,20,13.6,10,10,3.7,0,27.9,27.8,27.7,0
7,86,72.7,61,26,21.4,15,25,15.9,7,8,4.2,0,27.8,27.7,27.6,0
8,89,74.4,60,27,22.5,18,25,15.6,8,8,3.5,0,27.6,27.5,27.4,0
9,89,75.3,62,25,21.5,8,24,14.3,8,25,7.9,0,27.5,27.4,27.3,0
10,68,60.3,53,8,3.2,1,13,10.2,7,29,17.7,3,27.9,27.8,27.6,0
11,71,58.9,50,9,2.5,-7,17,11.6,4,13,5.4,0,27.9,27.8,27.7,0
12,75,61.7,50,12,4.1,-2,19,11.1,5,10,5.1,0,27.7,27.7,27.6,0
13,79,63,47,20,11.8,0,29,15.7,6,9,4.5,0,27.7,27.6,27.5,0
14,80,66.7,55,31,24.3,16,30,21.2,11,10,3.9,0,27.7,27.6,27.6,0
15,84,70.5,58,30,24.4,18,31,18.4,12,10,3.5,0,27.8,27.8,27.7,0
16,85,71.2,58,32,24.6,18,30,18.8,9,8,4.2,0,27.8,27.7,27.5,0
17,85,73.2,61,34,29.9,25,35,21.4,13,32,11.5,0,27.5,27.4,27.3,0
18,76,68.4,60,30,15.2,8,22,13.6,7,24,10.5,0,27.7,27.6,27.4,0
19,77,66.5,53,20,11.7,7,20,12.3,8,17,5.5,0,27.7,27.6,27.5,0
20,72,66.5,58,29,19,11,29,17,10,24,9.6,0,27.8,27.7,27.5,0
21,77,64.9,54,29,21.5,17,28,20,12,8,4,0,27.9,27.8,27.7,0
22,81,69.1,59,30,24.5,20,28,19.4,12,9,3.8,0,27.9,27.8,27.7,0
23,84,72.5,63,30,22.1,5,29,16.4,7,18,8.7,0,27.8,27.7,27.7,0
24,73,66,60,17,12.6,8,18,12.8,9,17,6.5,0,28,27.9,27.8,0
25,76,64.2,53,26,17.6,12,28,17.7,10,7,3.2,0,28,27.9,27.7,0
26,80,66.2,55,25,22.8,20,29,20.1,12,8,4.5,0,27.7,27.5,27.3,0
27,67,60.7,52,24,15,6,26,17.3,12,30,18.4,0,27.7,27.5,27.3,0
28,57,49.7,43,13,2.7,-4,27,15.5,9,15,5,0,27.9,27.8,27.6,0
29,63,50.2,39,14,2.8,-12,32,16.4,8,32,7.6,0,27.9,27.6,27.5,0
30,53,43.3,35,7,0.1,-6,26,17.5,9,16,7,0,28.1,28.1,28,0
31,59,46.6,34,8,0.6,-6,31,17.2,7,8,4,0,28.1,28,27.9,0
Nov,Max,Avg,Min,Max,Avg,Min,Max,Avg,Min,Max,Avg,Min,Max,Avg,Min,Total
1,68,52.8,39,12,1.9,-6,25,14.2,5,8,3,0,27.9,27.9,27.8,0
2,72,57.6,44,16,8.3,4,23,15.5,8,8,4,0,27.9,27.9,27.8,0
3,74,59.4,46,19,12.8,7,28,17.6,8,8,3.9,0,27.8,27.7,27.6,0
4,75,60.2,45,21,13.9,8,30,18,8,8,3.5,0,27.8,27.7,27.7,0
5,77,62.3,48,24,18.3,13,30,19.6,10,8,2.9,0,27.8,27.8,27.7,0
6,77,63.3,50,27,23.1,20,38,23,12,9,3.8,0,27.8,27.7,27.6,0
7,78,63.8,51,23,19.8,16,31,19.9,10,9,3.3,0,27.9,27.8,27.8,0
8,79,63.5,51,22,17.9,16,31,18.5,9,9,2.9,0,28,27.9,27.8,0
9,78,63,52,22,15.9,13,26,17.3,8,14,4.2,0,27.9,27.8,27.7,0
10,75,60.8,48,24,16.8,12,32,19.8,9,7,3.6,0,27.8,27.7,27.7,0
11,79,64.7,52,25,18.2,10,29,17.7,10,10,4.8,0,27.8,27.8,27.7,0
12,73,60.9,49,26,22.9,20,36,24.5,14,8,3.2,0,27.9,27.8,27.7,0
13,74,61.3,51,30,23.5,20,37,24.9,14,8,3.5,0,27.8,27.7,27.7,0
14,72,61.3,50,30,25.3,21,40,27.2,15,8,3.9,0,27.8,27.8,27.7,0
15,75,63.6,54,29,25.9,23,34,25,16,7,2.5,0,27.8,27.8,27.7,0
16,77,65.9,53,25,21.8,20,27,19.1,13,14,7.5,0,27.8,27.8,27.7,0
17,76,64.8,56,24,21.7,19,25,19.7,13,15,6.8,0,27.9,27.8,27.8,0
18,76,62.7,52,30,23.8,18,37,23.9,15,8,4,0,27.8,27.7,27.6,0
19,76,62.4,50,55,34.7,24,93,41,16,15,6.5,0,27.6,27.4,27.2,0
20,61,53.2,45,54,49.7,41,100,88.8,57,17,9.3,0,27.4,27.3,27.2,0.06
21,51,47.4,44,43,41.8,40,93,81.4,68,8,3.1,0,27.8,27.6,27.4,0.66
22,57,49.1,41,42,39.7,37,89,71.1,53,8,3.7,0,27.9,27.9,27.8,0.01
23,60,51.3,43,38,34.2,32,79,53.9,36,15,5.7,0,28,27.9,27.9,0
24,62,52.7,45,36,32.2,31,60,46.9,32,12,4.9,0,27.9,27.8,27.7,0
25,64,53.3,46,37,16.2,5,61,24.9,11,35,21.4,8,27.6,27.4,27.3,0
26,49,45.5,42,19,15.1,9,38,30.4,20,22,11,0,27.7,27.6,27.5,0
27,57,48,42,37,25.1,15,68,43.2,23,24,9.7,0,27.4,27.3,27.2,0
28,49,43.4,36,42,37.1,30,90,79.5,56,14,6.2,0,27.4,27.3,27.2,0.02
29,48,42.9,37,38,29.8,21,93,62.7,37,29,10.8,0,27.7,27.4,27.2,0.67
30,48,41.8,33,31,27.8,25,78,58.5,42,10,5.5,0,27.9,27.8,27.7,0
Dec,Max,Avg,Min,Max,Avg,Min,Max,Avg,Min,Max,Avg,Min,Max,Avg,Min,Total
1,50,44.4,40,30,28,23,68,53.8,35,7,3.9,0,27.9,27.9,27.9,0
2,55,46.7,39,35,29.8,26,70,53.4,34,9,3.8,0,27.9,27.9,27.8,0
3,57,51.3,44,39,35.3,33,68,55,44,13,4.1,0,27.9,27.8,27.7,0
4,52,38.9,0,47,34.8,0,96,65.1,0,12,4,0,27.7,27.6,27.6,0
5,60,38.7,0,45,31.1,0,77,47.9,0,15,6,0,27.9,27.8,27.7,0.37
6,60,53.1,45,44,42.9,41,86,69.3,49,8,3.1,0,27.9,27.9,27.9,0
7,59,54.1,49,48,46.1,43,86,74.7,64,10,4.1,0,27.9,27.8,27.7,0.01
8,62,55.3,51,50,45.5,40,89,70.7,49,20,8.2,0,27.7,27.6,27.6,0
9,63,55.3,49,40,34.1,29,66,46.6,30,18,10.2,5,27.9,27.8,27.7,0
10,57,49.7,42,34,31.3,29,68,50.4,34,9,3.7,0,28,27.9,27.9,0
11,58,49.1,42,35,33.2,30,71,56.2,35,6,2.9,0,27.9,27.9,27.8,0
12,58,49.4,42,37,34.9,33,73,58.8,41,5,2.9,0,28,27.9,27.9,0
13,60,50.1,42,39,36.7,34,76,61.4,42,8,4.4,0,27.9,27.8,27.6,0
14,62,52.1,43,46,40.4,37,83,65.7,44,9,3.4,0,27.6,27.5,27.4,0
15,57,50.8,45,44,30.2,21,83,49.1,26,26,9.9,0,27.9,27.6,27.4,0.03
16,51,44.5,38,22,16.4,12,43,33.1,21,13,7.5,3,28.1,28,27.9,0.01
17,49,41.1,31,21,14.7,11,59,36.2,22,8,3.8,0,28.2,28.1,28,0
18,49,44.2,39,19,15.2,12,40,31.6,24,10,4.7,0,27.9,27.8,27.7,0
19,58,46.1,38,22,17.6,13,47,33.6,17,16,6,0,28,27.9,27.8,0
20,57,46.8,36,28,23.1,20,57,41.2,24,6,2.2,0,28.1,28,28,0
21,56,47.1,39,30,27.7,25,65,48.5,30,5,3,0,28,27.9,27.8,0
22,45,43.6,42,30,28.7,27,60,56.1,49,6,1.7,0,27.8,27.7,27.6,0
23,48,48,48,29,29,29,48,48,48,0,0,0,27.6,27.6,27.6,0
31,57,50.1,40,25,22.8,21,55,35.3,25,16,10.3,6,27.9,27.8,27.8,0
2020,,,,,,,,,,,,,,,,
Jan,Max,Avg,Min,Max,Avg,Min,Max,Avg,Min,Max,Avg,Min,Max,Avg,Min,Total
1,52,44.9,38,30,26.3,24,62,49,35,8,3.5,0,27.8,27.7,27.5,0
2,61,52.8,41,31,24.3,18,65,35.7,19,26,11.6,0,27.9,27.7,27.6,0
3,60,50.1,42,31,27.7,24,62,43.3,28,17,4.8,0,28,28,27.9,0
4,58,47.3,38,32,30.4,28,70,53.8,32,7,3.4,0,28,28,27.9,0
5,58,48.5,38,31,27.9,19,73,47.8,26,15,7,0,28.1,28,27.9,0
6,59,50.1,44,25,20.4,16,46,32.1,19,13,6.3,0,28.2,28.1,28.1,0
7,59,48.2,38,27,22.6,20,53,38.3,22,7,3,0,28,27.9,27.7,0
8,62,51.1,40,28,19.8,12,60,32.8,14,20,8.6,0,27.6,27.6,27.5,0
9,56,50.1,43,24,19.8,16,40,30.5,25,17,7.1,0,27.7,27.6,27.5,0
10,54,47.6,39,22,13.8,8,41,26.7,16,28,11.8,0,28,27.9,27.7,0
11,52,42.6,34,20,17.4,14,52,37.7,23,7,2.9,0,27.8,27.7,27.6,0
12,54,43.2,33,23,20.1,18,59,41.3,25,7,3.4,0,27.8,27.7,27.6,0
13,55,44.8,35,26,22.9,20,55,43.3,28,9,4.3,0,27.8,27.7,27.6,0
14,57,45.2,35,29,26.3,24,67,49.3,32,8,4,0,27.7,27.7,27.6,0
15,58,46.6,37,28,26.6,25,65,47.6,30,7,3.5,0,27.8,27.7,27.7,0
16,60,48.4,36,32,27.5,22,67,46.2,29,22,6.6,0,27.7,27.6,27.5,0
17,58,50,42,32,20.5,10,60,34.1,15,18,8.4,0,28,27.8,27.6,0
18,58,47.1,36,20,16.1,13,44,30.5,18,10,4.6,0,28.1,28,28,0
19,65,53.1,41,24,19.8,15,41,28.2,17,9,4.4,0,28,27.9,27.9,0
20,61,55.7,52,26,22.1,20,35,27.6,21,10,3.9,0,27.9,27.8,27.7,0
21,61,54,46,37,31.3,26,63,43.2,31,8,4.8,0,27.8,27.7,27.7,0
22,61,50.7,42,38,35,32,67,55.8,41,7,3.9,0,27.9,27.8,27.8,0
23,67,54.4,45,35,32.5,31,68,45.4,27,8,3.7,0,27.9,27.8,27.8,0
24,65,53.3,43,32,29.5,27,58,41.7,27,7,2.6,0,27.8,27.7,27.7,0
25,66,54.3,44,32,29.1,26,55,39.4,24,7,4.4,0,27.8,27.8,27.7,0
26,64,54.1,44,34,32.2,29,56,44.5,33,9,4.9,0,27.8,27.8,27.7,0
27,68,58.5,51,31,23.8,18,40,27.8,15,21,12.1,0,27.9,27.9,27.8,0
28,62,53.2,44,28,25.7,24,47,35.4,24,9,3.8,0,27.9,27.8,27.7,0
29,64,55.2,47,26,21.5,17,44,27.8,18,29,12.6,3,27.8,27.8,27.7,0
30,64,53.2,43,27,21.9,19,40,30.2,19,14,5.6,0,27.9,27.9,27.8,0
31,65,52.6,42,28,26.3,24,53,37.8,22,7,3.2,0,28.1,28,27.9,0
Feb,Max,Avg,Min,Max,Avg,Min,Max,Avg,Min,Max,Avg,Min,Max,Avg,Min,Total
1,69,55.1,43,30,28.1,26,53,37.3,22,8,4.2,0,28.1,28,27.8,0
2,76,58.8,42,30,24.2,10,58,30.9,10,38,12.5,0,27.8,27.5,27.2,0
3,51,43,38,14,2.1,-11,30,19.3,9,36,21.2,10,27.7,27.6,27.4,0
4,49,41.4,36,3,-1.7,-11,25,17.5,8,29,15.3,0,27.9,27.8,27.8,0
5,51,42,35,15,7.3,1,38,24.5,18,17,6.7,0,27.9,27.8,27.7,0
6,62,48.6,36,26,20.3,13,48,33.7,23,8,4.5,0,27.8,27.7,27.7,0
7,68,54.5,43,28,25.8,23,49,35,18,14,5.3,0,27.8,27.7,27.7,0
8,67,53.7,40,28,25.3,23,53,35,21,12,4.2,0,27.7,27.6,27.4,0
9,56,51.5,46,33,24.1,17,61,35.9,24,25,17.4,8,27.7,27.6,27.4,0
10,65,54.1,45,34,16.4,4,65,26.2,9,25,15.9,9,27.8,27.7,27.6,0.03
11,61,50.9,43,14,6.6,-1,26,17.8,8,24,13.3,0,27.9,27.8,27.7,0
12,62,49.8,39,19,12.7,6,37,23.5,15,7,3.9,0,27.8,27.7,27.7,0
13,63,50.3,38,22,19,17,48,30.8,17,8,3.7,0,27.8,27.8,27.7,0
14,65,51.8,39,23,20.7,18,49,31.7,17,7,3.1,0,27.8,27.7,27.7,0
15,65,53.5,42,24,19.8,17,40,28.1,16,8,5,0,27.9,27.8,27.7,0
16,69,56.2,44,28,25.3,23,47,31.7,19,7,3.7,0,27.8,27.7,27.6,0
17,71,60.9,51,29,18.3,5,43,22.3,8,15,7.3,0,27.7,27.6,27.6,0
18,61,53.5,45,18,13.9,7,34,21.7,15,14,6.4,0,27.8,27.8,27.7,0
19,65,53.5,42,19,16,14,40,24.2,14,9,2.9,0,27.9,27.8,27.7,0
20,65,53.1,42,17,13,9,35,21.7,12,9,5.2,0,28,27.9,27.9,0
21,70,56.2,43,20,16.3,12,37,22.9,11,7,4.3,0,27.9,27.8,27.7,0
22,60,53.5,51,46,40.1,21,80,62.8,29,15,5.9,0,27.7,27.6,27.6,0
23,69,57,50,43,39.9,29,71,55,22,18,8.6,0,27.8,27.8,27.7,0.37
24,71,59.9,49,42,30.4,13,69,38,11,18,8.1,0,27.9,27.8,27.8,0
25,59,53.7,48,17,14,9,29,21,17,23,12,3,28.1,28,27.9,0
26,62,51.5,39,23,18.9,14,49,29.3,15,6,2.6,0,28.2,28.1,28,0
27,71,56.5,43,25,21.9,20,45,27.9,15,9,4.3,0,28,28,27.9,0
28,69,58.5,50,27,23.7,19,39,27.7,15,8,3.3,0,27.9,27.9,27.8,0
29,66,57.1,48,31,27.4,24,43,33,23,15,4.5,0,27.8,27.6,27.5,0
Mar,Max,Avg,Min,Max,Avg,Min,Max,Avg,Min,Max,Avg,Min,Max,Avg,Min,Total
1,66,58.2,47,37,28.8,21,68,34.9,22,24,17,0,27.6,27.5,27.4,0
2,63,53.7,46,39,26.3,16,76,38.5,21,24,15.7,3,27.7,27.6,27.6,0.34
3,72,61.6,52,34,23,13,42,23.5,17,22,13.3,0,27.7,27.7,27.6,0
4,73,61.4,50,34,29.8,26,50,32.2,17,12,4.2,0,27.8,27.8,27.7,0
5,75,62,49,32,29.4,23,50,31.8,14,8,4.1,0,27.9,27.9,27.8,0
6,77,64.4,52,33,29.9,27,45,28.9,17,12,5.6,0,27.8,27.7,27.6,0
7,74,63.8,53,33,29.8,24,47,29.8,16,22,9.8,0,27.6,27.5,27.4,0
8,68,61.6,55,32,24.7,19,39,25.6,16,18,12.9,7,27.7,27.6,27.5,0
9,69,60.5,50,32,26.3,22,38,27.9,18,15,6.3,0,27.8,27.7,27.7,0
10,60,56.8,53,51,44,28,86,64.7,30,10,5.2,0,27.9,27.8,27.8,0
11,67,57.4,54,52,50.2,46,94,78.4,47,8,3.6,0,27.8,27.7,27.6,0.57
12,71,60.1,53,52,46.1,39,80,62.2,31,13,7.1,0,27.7,27.5,27.4,0
13,61,55.5,52,49,45.6,39,88,71.2,44,22,9.1,0,27.6,27.4,27.4,1.77
14,68,60.8,55,43,39.8,36,57,46.9,32,21,13.8,6,27.7,27.6,27.6,0.17
15,69,60,51,44,38.4,29,71,47,26,17,11.1,3,27.7,27.7,27.6,0
16,67,58.5,49,42,38.2,33,69,48.6,31,25,10.9,3,27.7,27.6,27.5,0
17,61,56.1,51,37,31.4,25,59,40.2,25,20,10.3,3,27.6,27.5,27.5,0
18,58,52.3,47,39,32.3,26,63,47.2,37,12,4.6,0,27.5,27.4,27.4,0
19,59,51.9,44,40,31.6,21,74,48.9,24,21,8.4,0,27.8,27.6,27.4,0
20,59,51,45,41,38.9,35,83,65,41,9,5.8,0,27.9,27.9,27.8,0.03
21,65,57.8,50,41,35,30,71,45.2,27,9,4.5,0,27.8,27.8,27.7,0
22,67,59,49,37,34.1,31,57,40.5,26,9,4.8,0,27.8,27.7,27.7,0
23,66,60.1,53,45,37.1,30,71,44.5,28,26,8.3,0,27.7,27.7,27.6,0
24,70,61.2,51,38,33.5,24,59,37.5,20,23,12.9,0,27.7,27.7,27.6,0
25,69,60.9,54,33,26,18,40,27.9,14,25,17.1,9,27.6,27.5,27.4,0
26,60,53.4,46,32,25.5,20,58,35,21,22,13.4,3,27.6,27.5,27.5,0
27,62,53.5,45,33,21.2,9,63,33,14,23,12.9,0,27.7,27.6,27.5,0
28,66,55.9,43,24,21.4,19,47,27.8,18,14,5.8,0,27.8,27.7,27.7,0
29,66,59.4,55,36,29,21,45,32.2,21,21,8.3,0,27.7,27.7,27.6,0
30,71,60.6,50,35,33.2,30,57,37.7,22,14,6.5,0,27.9,27.8,27.7,0
31,76,64,51,34,31.4,28,49,31.3,17,9,4.5,0,27.8,27.7,27.5,0
Apr,Max,Avg,Min,Max,Avg,Min,Max,Avg,Min,Max,Avg,Min,Max,Avg,Min,Total
1,82,69.2,55,36,31.8,26,45,26.9,15,22,9.7,0,27.5,27.4,27.3,0
2,70,64,56,29,20.5,16,29,19.2,14,25,12.8,0,27.6,27.5,27.3,0
3,72,61.4,51,25,19,13,31,20.4,12,7,4.8,0,27.6,27.6,27.5,0
4,77,64.3,51,31,25.9,21,39,25,12,17,7.8,0,27.5,27.4,27.4,0
5,75,67,59,37,33.5,30,42,29.8,19,28,17.1,13,27.4,27.4,27.4,0
6,67,60.7,54,47,36.5,31,75,42.6,28,15,11.4,3,27.6,27.5,27.4,0
7,63,57.8,53,46,42.5,40,69,57.2,46,25,13,3,27.8,27.7,27.6,0
8,71,58.1,50,41,36.7,30,68,47.5,25,29,11,3,27.7,27.6,27.5,0
9,60,54.3,47,38,33.9,30,71,47.4,32,15,8.3,3,27.8,27.7,27.7,0
10,62,57.5,53,38,35.6,33,52,44.1,36,15,6.5,0,27.7,27.7,27.6,0
11,77,65,53,39,36.5,34,55,36.7,22,16,7.4,0,27.6,27.5,27.4,0
12,74,64.8,57,48,42.2,39,60,44.6,30,15,6.3,0,27.6,27.5,27.5,0
13,76,66,56,48,20.2,4,75,24.5,7,23,10,0,27.8,27.7,27.6,0
14,69,61.3,54,16,8.1,4,21,12.7,9,13,7,0,27.9,27.9,27.8,0
15,79,65.4,50,24,18.1,13,28,17.5,9,13,5.3,0,27.8,27.7,27.5,0
16,79,68.8,56,33,29.4,26,36,23.8,17,16,5.4,0,27.6,27.5,27.5,0
17,75,68.4,60,38,28.7,25,38,23.4,16,14,7.6,0,27.6,27.6,27.5,0
18,73,65.6,57,39,37.5,36,47,36.2,26,21,6.5,0,27.6,27.6,27.6,0
19,81,68.8,55,41,33.3,22,55,30.1,13,20,8.1,0,27.7,27.6,27.5,0
20,77,68,59,46,36.9,26,50,33.1,21,22,6.1,0,27.7,27.6,27.6,0
21,80,68.9,60,47,41.8,36,60,38.8,21,23,8,0,27.7,27.7,27.6,0
22,88,76.1,63,40,33,25,43,23.5,11,17,9.2,0,27.8,27.7,27.7,0
23,90,80.4,69,38,29,23,25,16.3,9,24,15.1,6,27.7,27.6,27.6,0
24,87,78.4,71,32,25.1,23,23,14.2,11,17,7.5,0,27.8,27.7,27.6,0
25,91,79.1,66,37,31.8,30,28,18.9,11,9,4.5,0,27.8,27.7,27.6,0
26,93,82,71,44,35,25,33,20.2,9,14,5.4,0,27.6,27.6,27.5,0
27,94,82.5,64,35,30.8,26,34,16.8,9,13,5.7,0,27.6,27.6,27.6,0
28,96,86,75,40,32.9,29,24,15.5,11,13,6.3,0,27.7,27.7,27.6,0
29,99,87.2,73,42,37.3,32,31,18.1,11,14,5.9,0,27.7,27.6,27.6,0
30,99,88.1,78,41,34.8,26,25,15.7,10,21,10.8,0,27.6,27.5,27.4,0
May,Max,Avg,Min,Max,Avg,Min,Max,Avg,Min,Max,Avg,Min,Max,Avg,Min,Total
1,95,83.2,68,33,29.1,23,26,14.7,9,22,10.2,0,27.5,27.5,27.4,0
2,92,81.9,69,30,27.4,25,22,14.2,9,15,9.7,0,27.6,27.6,27.5,0
3,91,80.3,67,28,25.5,22,22,13.8,9,25,7.9,0,27.6,27.6,27.5,0
4,89,80.6,74,25,20.3,14,15,11,7,24,10,0,27.8,27.7,27.6,0
5,92,80.1,64,25,18.7,10,21,11.5,5,10,4.6,0,27.8,27.7,27.6,0
6,99,83.9,67,28,21.5,11,21,11.4,5,13,5.6,0,27.7,27.6,27.6,0
7,93,84.1,76,20,16.3,6,11,8.2,6,17,9.5,0,27.7,27.6,27.6,0
8,94,81.9,69,27,17.2,12,15,9.7,6,8,4.7,0,27.7,27.6,27.5,0
9,101,86.3,70,29,23.3,16,21,11.2,5,17,6.6,0,27.6,27.6,27.5,0
10,100,87.5,73,38,30.4,25,21,13.3,9,23,9,0,27.6,27.5,27.4,0
11,93,85,75,32,17.4,7,17,9,4,28,16.2,6,27.5,27.5,27.4,0
12,85,78,70,37,29.1,23,30,17.1,14,33,23.9,10,27.5,27.4,27.4,0
13,86,74.8,63,38,33.6,24,38,23.4,15,15,9.4,0,27.6,27.5,27.4,0
14,87,76.3,63,31,29.8,26,29,18.8,12,17,7.3,0,27.6,27.5,27.5,0
15,90,80.6,68,37,33.7,31,30,19.3,12,10,4.9,0,27.6,27.5,27.5,0
16,93,83.8,71,37,34,31,28,17.4,12,16,6.8,0,27.6,27.5,27.4,0
17,96,85.9,73,44,35,27,27,17,11,22,12.4,0,27.5,27.5,27.4,0
18,91,80.7,72,43,32.4,26,31,18.5,10,24,15.8,8,27.5,27.5,27.4,0
19,75,69.1,63,39,28.4,18,36,23,12,24,15.5,8,27.6,27.5,27.4,0
20,80,71,61,34,28.8,21,35,22.3,12,18,8.5,0,27.7,27.6,27.6,0
21,86,77.2,65,26,23.4,20,21,14.2,9,15,8.8,0,27.7,27.6,27.5,0
22,91,79.7,64,32,25.3,20,24,14.3,8,30,14.5,0,27.5,27.4,27.3,0
23,83,74.5,65,32,18.5,8,24,13.7,6,30,17.3,3,27.6,27.5,27.4,0
24,89,77.7,63,23,19.7,15,21,12.1,7,18,6.7,0,27.7,27.6,27.6,0
25,90,81.3,69,32,26.1,22,19,13.5,10,14,6.8,0,27.7,27.6,27.6,0
26,101,86.8,70,36,30.7,27,25,14.7,8,9,4,0,27.7,27.6,27.5,0
27,107,93.5,78,36,33.1,31,21,12.7,7,10,4.8,0,27.6,27.5,27.5,0
28,107,95.8,80,39,34.6,30,23,12.4,8,14,7,0,27.6,27.6,27.5,0
29,109,95.2,78,37,32.2,26,21,11.9,6,23,10,0,27.6,27.6,27.5,0
30,101,90.5,83,42,31.7,21,21,13,7,24,11.5,0,27.5,27.5,27.4,0
31,98,86.3,75,39,30.8,22,25,14.8,8,23,9.7,3,27.6,27.5,27.5,0
Jun,Max,Avg,Min,Max,Avg,Min,Max,Avg,Min,Max,Avg,Min,Max,Avg,Min,Total
1,101,88,72,35,30.6,26,24,13.7,7,18,7.4,0,27.6,27.6,27.5,0
2,101,90.3,79,40,34.7,30,21,14.4,10,9,4.2,0,27.7,27.6,27.6,0
3,105,95.3,86,39,34.3,31,15,12,9,18,7.1,0,27.7,27.6,27.5,0
4,107,96.3,82,38,34.5,30,20,12,7,15,7.4,0,27.5,27.5,27.4,0
5,103,92.3,81,40,33,22,22,13.4,6,28,11,0,27.4,27.3,27.3,0
6,88,79.7,73,46,40.4,33,37,25.5,17,28,19.2,9,27.4,27.4,27.3,0
7,87,76.5,65,37,25.7,7,36,18.1,7,31,14,0,27.5,27.4,27.3,0
8,79,71,62,19,13.5,10,18,11.5,7,32,14.1,0,27.8,27.7,27.5,0
9,87,76.7,63,25,20,13,20,12.3,8,10,5.5,0,27.9,27.8,27.7,0
10,97,84.7,70,29,24,19,21,11.8,6,10,4.4,0,27.8,27.7,27.6,0
11,103,89.3,71,32,21.7,10,22,10.5,4,14,6.5,0,27.7,27.7,27.6,0
12,102,89.1,72,27,20.3,11,18,9,4,25,12,0,27.7,27.6,27.5,0
13,90,82.1,74,34,25.7,16,22,13.4,7,21,16,10,27.6,27.5,27.4,0
14,95,84.3,72,31,28.2,25,22,13.8,9,15,7.5,0,27.6,27.5,27.4,0
15,100,89.2,72,37,29.9,25,26,13,7,18,8.7,0,27.6,27.5,27.5,0
16,98,89.8,81,40,36,31,22,15.4,10,26,17.7,9,27.5,27.4,27.4,0
17,94,86,77,37,28,11,24,13.3,6,23,9.3,0,27.6,27.5,27.4,0
18,95,86.3,77,30,18.9,8,15,8.5,6,15,6.3,0,27.6,27.6,27.5,0
19,99,88,75,31,24.5,20,17,10.7,6,8,4.6,0,27.6,27.6,27.5,0
20,105,92,76,33,27.5,20,19,10.8,5,14,7,0,27.6,27.6,27.5,0
21,106,95.1,80,37,31.5,27,17,11.2,7,18,7.2,0,27.6,27.5,27.4,0
22,108,96.2,81,37,33.3,30,17,11.5,7,13,6.1,0,27.6,27.6,27.5,0
23,108,96.6,83,37,30.2,22,18,10.5,6,14,7.6,3,27.6,27.5,27.5,0
24,106,96,81,34,30.7,25,16,10.4,7,15,7.6,0,27.5,27.5,27.5,0
25,108,96.2,81,46,35.6,30,21,12.8,7,32,12.2,0,27.8,26.6,0,0
26,103,94.4,84,44,39.6,25,24,15.7,6,20,8.6,0,27.8,26.5,0,0
27,108,96.6,80,50,36.9,30,25,13.7,7,18,8.9,0,27.6,27.4,27.3,0
28,104,93.2,83,50,35.7,20,25,14.6,5,36,22.8,6,27.3,27.2,27.1,0
29,89,82,75,31,23.5,10,18,12.3,6,18,9.7,0,27.5,27.4,27.2,0
30,95,85,73,26,22.1,16,15,10.2,7,15,8.3,3,27.6,27.6,27.5,0
Jul,Max,Avg,Min,Max,Avg,Min,Max,Avg,Min,Max,Avg,Min,Max,Avg,Min,Total
1,100,88.7,72,35,29.9,25,21,12.7,8,21,9.7,0,27.6,27.5,27.4,0
2,101,91.3,78,41,34.5,26,22,14,7,18,10.4,0,27.6,27.5,27.5,0
3,103,92.4,78,40,32.6,21,19,12.5,7,16,8.3,0,27.7,27.6,27.6,0
4,106,93.8,76,36,29.3,23,17,10.5,7,16,7.5,0,27.7,27.6,27.5,0
5,107,96.4,82,36,29.8,23,19,10.3,5,16,4.3,0,27.6,27.5,27.5,0
6,108,96.6,82,37,29.2,24,19,10.1,5,23,6.5,0,27.6,27.5,27.4,0
7,107,96.8,84,31,20.7,8,13,7.2,3,24,13.7,3,27.5,27.5,27.4,0
8,105,93,76,31,17.8,1,15,7.7,2,17,9.8,0,27.5,27.5,27.4,0
9,107,92.8,74,31,19.1,2,15,8.1,2,16,8,0,27.6,27.5,27.5,0
10,109,95.3,75,38,28.7,20,15,9.7,6,13,6.3,0,27.7,27.6,27.6,0
11,113,101,85,46,41.9,38,22,13.8,9,18,7.8,0,27.7,27.6,27.6,0
12,115,105.2,89,47,42.3,37,21,12.4,8,18,8.6,0,27.6,27.5,27.4,0
13,111,103.9,95,40,37.8,33,15,10.5,7,23,14,0,27.5,27.4,27.4,0
14,108,98.6,89,35,19,-6,13,7.1,1,22,12.4,0,27.6,27.5,27.4,0
15,107,95.6,80,35,30,19,13,10,7,16,7.2,0,27.6,27.5,27.5,0
16,108,97,82,37,32.6,27,19,11,7,14,7,0,27.6,27.5,27.5,0
17,108,97.8,84,42,38.9,35,21,13.6,8,18,8.9,3,27.7,27.6,27.5,0
18,110,97.8,82,41,35.6,26,23,12.7,6,16,5.4,0,27.7,27.6,27.5,0
19,108,98.7,86,40,34.4,29,16,10.8,8,9,4.2,0,27.6,27.5,27.5,0
20,107,98,90,47,40.4,36,21,13.9,9,21,8.4,0,27.6,27.5,27.5,0
21,108,96.8,83,46,40,35,26,14.9,8,18,6.7,0,27.6,27.5,27.4,0
22,107,96.9,83,47,38.3,18,26,14.3,6,23,10.8,0,27.6,27.5,27.4,0
23,105,93.8,82,44,26.5,14,17,9.6,5,17,7.6,0,27.6,27.5,27.4,0
24,102,91.9,78,50,32.3,19,21,12.5,8,15,5.8,0,27.6,27.6,27.5,0
25,104,92.8,78,41,32.9,20,25,13.4,5,12,5.9,0,27.6,27.6,27.5,0
26,104,93.9,79,44,35,28,18,12.9,8,7,4,0,27.7,27.6,27.5,0
27,108,96.7,84,44,39.5,34,25,14.6,9,18,7.1,0,27.6,27.5,27.5,0
28,110,96.9,81,39,31.3,21,21,11.3,5,14,6.5,0,27.6,27.5,27.4,0
29,111,97.5,81,38,23.8,11,19,8.7,3,14,6.5,0,27.6,27.6,27.5,0
30,112,97.9,81,37,29.4,15,14,9.5,4,16,6.4,0,27.7,27.6,27.6,0
31,113,101.6,87,44,40.6,36,19,12.8,8,21,8.5,0,27.6,27.6,27.5,0
Aug,Max,Avg,Min,Max,Avg,Min,Max,Avg,Min,Max,Avg,Min,Max,Avg,Min,Total
1,113,101.3,85,41,22,1,21,8.2,2,17,8.5,0,27.6,27.6,27.5,0
2,109,96.3,80,31,19.9,3,15,7.7,2,20,8.7,0,27.6,27.6,27.5,0
3,109,95.3,78,30,23.1,20,14,7.9,4,14,7,3,27.6,27.6,27.5,0
4,107,94.7,78,36,26.7,23,14,9.2,6,14,6.5,0,27.6,27.6,27.5,0
5,105,93.6,81,39,31.2,22,20,11.8,5,21,9.9,3,27.6,27.5,27.4,0
6,102,92,78,41,31.9,21,24,13,7,18,8.8,0,27.5,27.5,27.4,0
7,101,89.2,73,33,26.2,21,20,11.1,6,17,6.8,0,27.6,27.6,27.5,0
8,103,90.9,75,32,26,22,18,10.6,6,13,7.3,0,27.7,27.6,27.6,0
9,105,92,77,32,26.5,19,19,10.7,5,10,4.7,0,27.7,27.6,27.5,0
10,105,93.1,77,33,26.2,18,19,10.3,5,15,5.8,0,27.6,27.6,27.5,0
11,107,96.2,80,34,21.8,5,16,7.7,3,22,10.5,0,27.6,27.6,27.5,0
12,107,94.2,75,29,18.9,3,15,7.7,2,18,8.1,0,27.6,27.6,27.5,0
13,109,95.8,81,44,36.7,27,18,12.9,10,16,7,0,27.6,27.6,27.5,0
14,111,99.5,87,45,41.9,36,22,14.5,8,13,6.8,0,27.7,27.6,27.5,0
15,114,101.1,89,45,40,35,21,13.2,7,12,5.7,0,27.6,27.6,27.5,0
16,113,103,92,42,36.1,31,15,10.3,6,15,5.6,0,27.6,27.6,27.5,0
17,112,101.8,90,53,43.2,34,19,13.9,8,9,5.1,0,27.7,27.6,27.6,0
18,113,101.4,89,48,42.5,35,19,13.6,9,18,6.5,0,27.7,27.6,27.5,0
19,112,100.7,88,48,44.8,38,23,15.5,8,21,6,0,27.6,27.5,27.4,0
20,113,102.2,89,47,40.9,34,21,13,7,17,7.3,0,27.5,27.5,27.4,0
21,109,97.9,85,60,50.9,36,38,21.6,9,16,7.6,0,27.6,27.5,27.4,0
22,105,95.7,88,66,59.3,49,48,31.1,16,16,7.1,0,27.6,27.5,27.5,0
23,105,95.7,87,60,56,53,35,26.7,20,14,6.4,0,27.6,27.6,27.5,0
24,108,96.6,85,56,52.6,45,37,23.9,13,14,6.7,0,27.6,27.5,27.5,0
25,111,98.2,85,52,44.3,37,28,17.5,8,17,6.3,0,27.6,27.5,27.4,0
26,109,97.6,84,45,37.7,27,25,13.6,6,23,8.4,0,27.5,27.4,27.4,0
27,108,97.3,86,41,31.8,22,19,10.7,5,16,8,0,27.4,27.4,27.4,0
28,107,94.7,79,35,32.3,27,18,11.5,7,14,5.6,0,27.6,27.5,27.4,0
29,106,95.3,84,43,35.5,28,19,12.8,9,18,8,0,27.6,27.5,27.4,0
30,103,91.8,78,37,22.5,13,17,9.2,4,12,4.7,0,27.6,27.5,27.4,0
31,103,90.8,74,57,34.3,16,48,17.8,5,17,8.5,0,27.6,27.5,27.4,0
Sep,Max,Avg,Min,Max,Avg,Min,Max,Avg,Min,Max,Avg,Min,Max,Avg,Min,Total
1,98,90.4,81,38,30.3,21,19,11.9,8,16,5.8,0,27.7,27.6,27.4,0
2,103,90.7,76,37,33.4,31,24,14,8,7,4,0,27.7,27.6,27.6,0
3,108,94.3,79,41,35.1,32,20,13.2,7,12,4.5,0,27.7,27.6,27.5,0
4,110,97,82,37,30,22,20,10.6,5,9,4.9,0,27.7,27.6,27.6,0
5,113,97.4,83,39,30.7,24,17,10.3,5,12,5,0,27.8,27.7,27.6,0
6,115,102.1,90,34,30,24,13,8.6,5,18,9.4,3,27.7,27.6,27.5,0
7,106,97.1,87,32,29.3,28,13,9.3,7,20,12.4,3,27.5,27.4,27.3,0
8,90,81.6,68,34,23.4,14,18,12,8,39,21.6,5,27.7,27.5,27.3,0
9,82,73.3,65,23,21.5,18,19,14.6,9,24,9.6,0,27.7,27.7,27.6,0
10,85,75,62,31,26,24,28,17.1,11,8,3.5,0,27.8,27.8,27.7,0
11,90,77.7,64,33,28.3,25,31,17.5,10,7,3.1,0,27.8,27.7,27.6,0
12,97,83.5,69,28,23.4,19,18,11.6,6,12,4.5,0,27.7,27.6,27.6,0
13,100,85.9,69,30,22.9,18,20,11,5,9,5,0,27.7,27.6,27.6,0
14,100,87.3,74,41,32.1,23,22,14.2,9,10,5.2,0,27.8,27.7,27.6,0
15,101,89,77,41,36.8,32,24,16.6,11,12,5.3,0,27.8,27.7,27.6,0
16,103,91.5,80,35,31.1,26,18,12.3,7,14,7.3,0,27.7,27.7,27.6,0
17,103,91,78,34,29.8,27,19,11.6,7,13,6.9,0,27.7,27.6,27.6,0
18,104,89,76,35,30.8,28,20,13.3,7,21,6.5,0,27.6,27.6,27.5,0
19,99,90.6,82,44,36.8,25,24,15.9,9,17,10.9,5,27.6,27.5,27.5,0
20,100,87.8,73,41,34.1,26,24,15.3,10,9,4.8,0,27.6,27.6,27.5,0
21,101,88.3,74,45,40.8,37,28,19.6,11,22,8,0,27.7,27.6,27.5,0
22,99,87.3,74,46,36.9,28,33,19,9,18,6.8,0,27.7,27.6,27.6,0
23,99,86.6,73,38,33.7,31,23,15.8,10,9,4.9,0,27.8,27.7,27.6,0
24,101,88.3,74,39,34.5,33,24,15.5,10,16,6.4,0,27.7,27.6,27.5,0
25,100,86,71,37,31.3,23,28,15.5,7,13,5.5,0,27.6,27.6,27.5,0
26,99,85,67,33,28.1,23,23,13.7,7,9,4.8,0,27.6,27.6,27.5,0
27,97,86.2,76,38,33.2,27,18,15,12,15,6.4,0,27.7,27.6,27.6,0
28,93,83,76,32,25.6,19,19,13,7,18,8.7,0,27.8,27.8,27.7,0
29,93,80.7,68,32,23.9,19,22,13,7,9,4.8,0,27.9,27.8,27.7,0
30,98,84.3,71,26,21.6,16,17,10.6,5,10,4.6,0,27.8,27.7,27.7,0
Oct,Max,Avg,Min,Max,Avg,Min,Max,Avg,Min,Max,Avg,Min,Max,Avg,Min,Total
1,101,84.9,69,23,17.8,9,15,9.4,3,8,3.2,0,27.8,27.7,27.6,0
2,99,84.5,68,26,16.5,11,16,8.8,4,12,4.6,0,27.7,27.6,27.6,0
3,98,83.5,67,26,17.3,11,15,9.3,5,10,4.8,0,27.7,27.6,27.6,0
4,99,81.8,65,25,20.2,14,21,11.3,5,9,3.8,0,27.7,27.7,27.6,0
5,98,80.8,67,25,19.3,13,18,11.1,5,10,3.8,0,27.8,27.7,27.6,0
6,96,81.5,67,26,18,11,17,10.3,4,9,3.5,0,27.8,27.7,27.6,0
7,95,80.2,67,28,22.8,14,22,13.3,6,9,4.8,0,27.7,27.6,27.5,0
8,95,81.1,68,38,26.3,16,21,14.3,6,13,6.5,0,27.6,27.5,27.4,0
9,90,78.7,67,30,26.9,24,23,15.5,10,9,5.3,0,27.6,27.5,27.5,0
10,90,76.8,62,37,30.2,26,28,19,10,16,8.9,3,27.6,27.5,27.5,0
11,91,79.5,68,38,34.6,32,33,20.7,12,16,8.6,3,27.7,27.6,27.5,0
12,91,77.5,65,36,31.2,29,27,19.5,11,8,4,0,27.8,27.7,27.6,0
13,93,77.9,64,33,26.6,19,27,16.1,9,8,4.2,0,27.8,27.7,27.7,0
14,95,80.1,65,34,28.4,24,25,16,9,13,6.6,0,27.8,27.7,27.6,0
15,92,82,73,29,26.3,23,20,13.6,8,15,8.9,0,27.8,27.7,27.7,0
16,87,77.1,69,27,20.9,17,21,12.8,8,22,9.4,0,27.8,27.8,27.7,0
17,91,77.6,67,29,21.9,16,21,13.1,7,16,5.8,0,27.7,27.6,27.6,0
18,91,76.8,64,29,25,22,24,15.8,9,7,4.1,0,27.7,27.6,27.6,0
19,91,77.8,67,30,25.2,21,23,15.1,9,12,3.7,0,27.7,27.6,27.6,0
20,90,77.1,65,31,25.8,23,23,15.8,9,9,4,0,27.6,27.6,27.5,0
21,88,74.1,62,32,26.2,21,27,18,9,7,3.6,0,27.6,27.5,27.4,0
22,88,73.9,61,31,26.5,23,26,18.1,10,7,4.5,0,27.5,27.5,27.4,0
23,78,69.5,59,30,25.9,20,29,20.3,13,8,4,0,27.7,27.6,27.5,0
24,82,70.7,58,39,31.7,26,35,24.5,15,14,5,0,27.6,27.5,27.4,0
25,81,68.5,52,33,20.5,-6,31,17.3,7,35,17.5,3,27.7,27.4,27.3,0
26,62,50.4,42,7,-1.8,-12,20,12.9,5,25,13.6,0,27.9,27.8,27.7,0
27,70,59.2,44,16,2.6,-10,22,11,7,21,10.7,0,27.9,27.8,27.7,0
28,77,62.5,50,24,18.6,14,25,19,11,9,5.3,0,27.8,27.7,27.7,0
29,80,66,52,27,20.6,14,28,18.8,11,9,4.1,0,27.8,27.8,27.7,0
30,79,65.8,53,28,22.8,20,32,20.9,11,9,4,0,27.8,27.7,27.7,0
31,82,66.8,53,28,21.3,16,31,19,10,7,3.3,0,27.8,27.8,27.7,0
Nov,Max,Avg,Min,Max,Avg,Min,Max,Avg,Min,Max,Avg,Min,Max,Avg,Min,Total
1,85,71.3,60,26,20.5,15,25,15.9,7,8,3.8,0,27.9,27.9,27.8,0
2,86,74.3,63,33,27.7,21,26,19,10,8,4.3,0,27.9,27.8,27.7,0
3,86,74,62,39,34.9,31,35,24.9,15,12,5,0,27.7,27.7,27.7,0
4,86,74.3,62,35,31.5,29,30,21.3,14,12,4.6,0,27.9,27.8,27.7,0
5,87,73.8,62,33,29.8,27,29,20.6,12,12,3.6,0,27.9,27.8,27.6,0
6,88,74,63,34,28.4,22,33,20,9,20,8.2,0,27.5,27.3,27.2,0
7,71,58.3,49,40,29.8,20,64,35.8,19,26,16.3,9,27.3,27.2,27.1,0
9,57,51.6,46,19,17.2,15,34,25.9,22,16,7.8,0,27.8,27.7,27.7,0
10,57,48.4,41,22,18.2,15,43,30.8,22,10,4.4,0,27.9,27.8,27.7,0
11,61,51.1,40,25,21,19,47,32.2,20,6,2.4,0,27.7,27.7,27.6,0
12,65,55.5,48,27,20.5,15,43,27.3,15,8,3.7,0,27.8,27.7,27.7,0
13,68,57.1,43,24,21.1,18,43,26.2,17,17,7.4,0,27.8,27.6,27.5,0
14,69,59.8,51,24,21.7,19,32,23.6,15,18,8.9,0,27.9,27.8,27.6,0
15,70,56.1,45,23,20.1,16,42,26.4,13,8,3.1,0,27.9,27.9,27.8,0
16,74,58.9,46,24,20.7,17,37,24.7,12,7,4.6,0,27.9,27.8,27.8,0
17,79,62.5,49,27,23,20,36,23.8,12,7,3.2,0,27.8,27.7,27.6,0
18,80,69.3,56,37,26.6,17,35,21.9,10,25,13,0,27.6,27.6,27.6,0
19,72,62.3,54,35,32.4,29,44,33.5,22,12,6,0,27.8,27.7,27.6,0
20,70,61.5,51,32,27.8,23,44,29.3,18,10,2.3,0,27.9,27.8,27.8,0
21,71,60.8,54,29,25.1,23,36,26.3,17,14,4.5,0,27.9,27.8,27.8,0
22,69,58.7,49,26,20.6,16,35,24.1,14,13,4.8,0,27.8,27.6,27.5,0
23,64,55.8,45,24,21.7,20,44,27.6,19,23,7.8,0,27.6,27.5,27.4,0
24,64,54.9,44,21,18.6,16,35,24.8,16,20,8.7,0,27.8,27.7,27.6,0
25,61,49.7,39,23,20,18,46,32.2,21,12,5,0,27.8,27.7,27.6,0
26,58,52.8,48,19,13.8,8,30,21.7,15,26,17.1,9,27.9,27.8,27.7,0
27,61,50.8,42,16,11.1,8,35,21.1,13,23,12.8,3,28,27.9,27.9,0
28,59,47.2,35,19,15.7,13,44,30,17,7,3.5,0,28,27.9,27.8,0
29,65,51.4,37,21,16.6,12,41,26.7,15,9,3.5,0,27.9,27.9,27.8,0
30,64,51.7,41,21,16.8,13,41,26.9,14,8,3.3,0,27.9,27.9,27.8,0
Dec,Max,Avg,Min,Max,Avg,Min,Max,Avg,Min,Max,Avg,Min,Max,Avg,Min,Total
1,66,53.4,43,19,14.3,10,33,22.1,13,9,4.3,0,27.9,27.8,27.8,0
2,59,49.7,38,18,13.2,9,43,25,14,23,8.6,0,28,27.9,27.9,0
3,57,47.3,39,13,7.1,-2,32,20.4,12,15,7.2,0,28.1,28,27.9,0
4,61,46,34,12,4.2,-2,31,20.1,8,8,4,0,28,27.9,27.9,0
5,63,48.1,35,11,4.1,-2,31,18.5,8,9,3,0,28,27.9,27.9,0
6,60,49.4,37,14,7.5,-1,31,19.6,10,8,3.1,0,27.9,27.9,27.8,0
7,71,58.2,48,14,9.4,5,26,15.5,9,10,4,0,27.9,27.9,27.8,0
8,69,55,40,14,10,5,32,17.9,8,9,4.4,0,28,27.9,27.8,0
9,67,54.2,42,19,12.3,6,32,20.5,10,9,4.1,0,27.9,27.7,27.6,0
10,65,52.7,43,17,14.5,11,34,23.4,13,7,3.8,0,27.6,27.6,27.5,0
11,56,46.7,39,29,19,12,65,35.1,20,9,3.5,0,27.7,27.6,27.6,0
12,61,48.8,38,28,19.1,9,68,33.3,16,24,8.6,0,27.9,27.7,27.5,0
13,49,42.4,34,14,9.8,6,42,27.4,19,8,4.6,0,28,27.9,27.7,0
14,59,49.8,39,21,15.7,7,33,26.1,19,24,11.4,0,27.8,27.7,27.6,0
15,56,48.5,43,19,15.9,14,35,27.9,20,17,10.2,0,28,27.9,27.8,0
16,57,46.3,37,21,16,13,43,30.7,21,8,3.4,0,27.9,27.8,27.7,0
17,61,48.3,39,41,27.3,20,74,46.9,24,32,7.3,0,27.7,27.6,27.4,0
18,58,51.4,45,31,23.3,20,52,34.7,24,21,14,7,28,27.9,27.6,0.11
19,58,47.3,39,25,21.7,20,49,37.5,25,12,4.8,0,28,28,27.9,0
20,62,48.7,36,24,20.4,18,52,34.6,18,8,3,0,28,27.9,27.8,0
21,67,53.5,42,30,24.7,17,48,34,21,7,3.7,0,27.8,27.7,27.6,0
22,73,56.4,43,28,16.1,1,53,26.5,8,21,9.2,0,27.7,27.6,27.6,0
23,55,48.5,38,11,6.9,4,29,19.1,13,17,9,0,28.2,28,27.8,0
24,50,42,34,13,8.9,5,37,26.7,16,6,2.9,0,28.1,28,27.9,0
25,58,45.8,36,12,5.2,0,33,20.7,10,8,3.9,0,27.9,27.9,27.8,0
26,57,45.5,34,12,7.2,3,34,22,12,8,3.7,0,27.8,27.7,27.6,0
27,57,50.3,43,29,20.3,11,47,31.6,22,8,5,0,27.7,27.6,27.5,0
28,50,44.8,40,33,29.1,24,68,54.5,46,16,4.7,0,27.6,27.5,27.4,0
29,56,48.6,42,33,22.5,12,67,39.5,20,22,13.7,0,27.9,27.8,27.6,0
30,56,46.8,39,12,9.8,6,32,23.2,14,18,6.4,0,27.9,27.9,27.7,0
31,54,47.5,39,33,22.6,10,56,38.3,26,21,8.3,0,27.7,27.7,27.6,0
2021,,,,,,,,,,,,,,,,
Jan,Max,Avg,Min,Max,Avg,Min,Max,Avg,Min,Max,Avg,Min,Max,Avg,Min,Total
1,58,49.4,42,25,21.3,19,43,33.9,23,18,9.8,0,27.9,27.8,27.7,0
2,55,44.5,35,23,21.3,19,52,41,27,7,2.5,0,27.9,27.9,27.8,0
3,56,47,38,24,22.2,20,53,38.7,26,9,3.1,0,27.9,27.8,27.8,0
4,61,49.3,41,25,23.6,22,51,38,23,10,4.5,0,27.9,27.8,27.7,0
5,63,52.3,42,25,21.1,17,45,30.8,18,14,6.5,0,27.9,27.8,27.7,0
6,59,48.9,40,22,19.7,17,43,32.4,22,13,3.6,0,27.9,27.8,27.8,0
7,58,48.8,42,22,18.8,16,39,31,23,13,3.8,0,27.9,27.8,27.8,0
8,61,49.5,40,17,13,10,33,24.3,14,13,5.3,0,27.9,27.8,27.7,0
9,60,53.1,48,23,17.2,6,35,25,16,26,14,5,27.9,27.8,27.7,0
10,56,47.7,42,20,19,17,40,32.6,23,16,6.5,0,28,27.9,27.9,0
11,58,46.3,37,19,15.6,9,44,30.8,17,8,5,0,28,27.9,27.9,0
12,56,44.8,34,16,12.2,8,42,28.2,17,12,3.8,0,28,28,27.9,0
13,62,49.8,38,17,12,9,33,22.8,14,9,3.8,0,28,27.9,27.9,0
14,70,55.9,43,29,23,15,38,28.6,20,10,5.7,0,28,28,27.9,0
15,53,52.3,51,21,20.3,20,31,28.3,27,7,5,3,27.8,27.8,27.8,0
16,73,60.4,49,25,20.3,14,33,21.9,15,16,7.4,0,27.9,27.8,27.8,0
17,68,55.9,46,22,19.7,11,35,25.3,15,8,3.7,0,27.9,27.8,27.6,0
18,70,60.2,50,25,14,4,26,17.3,9,23,12.8,3,27.7,27.6,27.5,0
19,60,53.5,47,35,21.6,15,50,30,20,25,15.3,3,27.8,27.7,27.6,0
20,62,54.9,49,34,28.8,23,52,37.5,27,7,4.2,0,27.9,27.8,27.7,0
21,66,54.5,46,33,31.2,29,56,42.1,28,9,4.1,0,27.7,27.7,27.6,0
22,64,54.2,45,40,33,25,59,45.7,24,25,10.9,0,27.6,27.5,27.4,0
23,54,49.2,41,32,26.3,22,53,41.8,29,21,5.7,0,27.5,27.5,27.4,0
24,58,48.7,40,27,22.6,15,51,37.5,22,15,8.1,0,27.5,27.4,27.4,0
25,50,42.9,39,37,32.2,27,82,66.4,41,18,10.1,3,27.3,27.2,27.2,0
26,43,38,35,33,31.4,29,89,77.8,60,10,3.3,0,27.8,27.5,27.3,0.25
27,49,43.2,38,31,29.8,27,76,60.2,44,15,7.6,0,27.9,27.8,27.8,0.05
28,56,48.1,40,30,27.7,26,63,46.3,32,10,5,0,27.8,27.6,27.5,0
29,56,50,44,35,29.6,25,61,46.1,30,20,9.6,0,27.7,27.5,27.4,0
30,56,46.2,37,32,28.4,26,67,51.2,34,8,4.6,0,27.9,27.8,27.7,0.01
31,60,49.5,37,29,26.8,24,67,44.2,25,7,4.2,0,28,27.9,27.9,0
Feb,Max,Avg,Min,Max,Avg,Min,Max,Avg,Min,Max,Avg,Min,Max,Avg,Min,Total
1,61,54.7,47,31,27.5,24,52,36.3,24,9,4.8,0,27.9,27.8,27.8,0
2,67,56.2,46,38,32.5,29,54,42,27,7,4.1,0,27.8,27.7,27.6,0
3,72,64.1,55,39,26,16,42,24.6,15,28,16.6,6,27.7,27.6,27.5,0
4,60,53.6,46,19,15.6,12,34,23.1,15,22,12.7,3,27.9,27.8,27.7,0
5,68,54.7,46,22,17.7,14,36,24.3,15,16,7.1,0,27.8,27.7,27.6,0
6,67,56.2,47,24,20.8,18,37,26.4,16,15,5.7,0,27.8,27.7,27.6,0
7,69,55.1,42,23,18.8,16,40,25.7,13,9,2.8,0,27.6,27.6,27.5,0
8,67,55.4,42,23,18.6,15,40,25.5,14,8,4.2,0,27.6,27.6,27.5,0
9,63,57.1,50,26,23.2,21,35,27.4,21,7,3.3,0,27.6,27.6,27.6,0
10,69,59.3,51,30,26.2,24,39,29.2,20,9,4.1,0,27.6,27.6,27.6,0
11,70,61.2,49,30,28.5,26,46,30.3,21,16,5.5,0,27.7,27.6,27.4,0
12,70,61.3,54,43,34.3,27,62,37.4,25,20,8.5,0,27.5,27.4,27.3,0
13,68,56.9,51,36,28,14,54,34.9,21,55,17.5,3,27.4,27.3,27.2,0.02
14,60,52.6,47,18,14.2,11,30,22.5,14,28,15.8,3,27.6,27.5,27.4,0.02
15,62,52.7,42,26,21.4,18,43,30.2,22,8,2.7,0,27.6,27.5,27.4,0
16,64,57.9,52,33,15.5,11,45,20.2,13,24,16,3,27.6,27.5,27.4,0
17,58,51.5,45,16,9.1,-1,31,19.4,10,25,13.8,5,27.9,27.7,27.6,0
18,55,48.3,42,13,8.1,5,28,20.1,15,16,7.7,0,28.1,28,27.9,0
19,62,49.8,39,14,10.3,7,33,21.8,12,7,3.8,0,27.9,27.9,27.7,0
20,62,51.6,38,22,14.5,8,35,23.8,12,32,13.2,0,27.9,27.7,27.6,0
21,63,52.9,45,17,13.5,8,31,21.8,11,20,8.9,0,28.1,28,27.9,0
22,67,56.5,46,20,15.2,12,28,20.4,14,15,6.5,0,28,27.9,27.8,0
23,74,61.6,48,22,16.6,3,31,18.8,9,17,7.3,0,27.8,27.7,27.6,0
24,73,59.9,47,12,4.5,-17,20,12.2,3,35,13.4,0,27.9,27.7,27.6,0
25,59,49.8,43,10,1.4,-7,25,15,7,26,15,0,28,27.9,27.7,0
26,67,52.3,36,5,0.8,-5,25,13.3,6,20,6.2,0,27.8,27.6,27.4,0
27,62,53.8,46,14,7.2,-1,24,16.1,9,26,14.6,3,27.8,27.6,27.5,0
28,57,47.8,42,7,3.8,-5,24,17.3,8,23,11.4,0,28,27.9,27.8,0
Mar,Max,Avg,Min,Max,Avg,Min,Max,Avg,Min,Max,Avg,Min,Max,Avg,Min,Total
1,62,49.6,36,10,5,1,30,17.8,9,8,4.3,0,28,27.9,27.8,0
2,68,54.1,40,12,7.8,2,28,17.4,8,7,4.3,0,27.8,27.7,27.5,0
3,68,55.5,41,29,14.5,7,40,22.3,10,23,9.2,3,27.6,27.5,27.4,0
4,68,56.3,44,32,27,24,50,34.4,20,13,4.5,0,27.9,27.8,27.6,0
5,76,60.7,46,25,21.1,13,41,24.1,10,7,4,0,27.9,27.8,27.6,0
6,80,64.2,48,20,13.8,2,33,16.5,5,20,9.8,0,27.6,27.6,27.5,0
7,75,63.4,50,22,16.8,11,25,17,12,10,5,0,27.7,27.6,27.6,0
8,77,65.1,54,27,20.6,10,30,19.2,10,36,16.7,0,27.6,27.6,27.5,0
9,63,56.4,49,19,14.8,11,26,19.8,16,29,11.8,0,27.6,27.6,27.5,0
10,57,50.6,47,32,24.1,14,54,36.3,24,23,12.3,3,27.6,27.5,27.5,0
11,53,47,43,33,28,22,63,48.2,35,16,8,0,27.7,27.6,27.5,0
12,50,44.4,42,38,35.8,32,82,72.1,54,13,5.6,0,27.7,27.7,27.7,0
13,62,51.1,44,36,25.9,17,71,42.3,19,21,9.7,0,27.7,27.7,27.6,0.11
14,69,55.6,39,27,23.4,18,55,32,14,9,5.1,0,27.8,27.7,27.6,0
15,67,55.8,41,34,27.7,20,67,35.5,25,29,16.8,0,27.5,27.4,27.2,0
16,61,50.5,41,30,29,27,62,45,31,12,5.4,0,27.7,27.6,27.4,0
17,66,56.1,44,33,28.8,24,63,37.8,22,10,3.6,0,27.8,27.7,27.7,0
18,73,61.8,52,33,28,20,45,30,15,9,2.8,0,27.8,27.7,27.7,0
19,81,66.3,50,39,29.7,23,39,26.6,16,18,8,0,27.8,27.7,27.6,0
20,73,67.1,60,42,23.9,-1,45,23.6,6,25,16.7,6,27.6,27.6,27.5,0
21,67,59.2,52,25,15.8,4,30,19.8,9,23,18,7,27.7,27.7,27.6,0
22,67,58.8,48,28,15.3,13,29,19,12,15,7.2,0,27.7,27.6,27.4,0
23,62,57.4,52,37,27.8,20,57,33.5,21,26,18.8,12,27.6,27.4,27.4,0
24,68,58.8,50,20,14.5,5,29,18.9,9,26,13.3,0,27.6,27.5,27.4,0
25,68,60.1,51,33,20.2,13,45,22.9,14,25,13.8,0,27.4,27.3,27.2,0
26,68,59.5,51,35,21.8,13,54,25.9,12,25,10.6,0,27.8,27.6,27.4,0
27,74,62.7,52,23,20.1,18,28,20.3,13,16,8.5,0,27.9,27.9,27.8,0
28,79,65.2,51,25,22.1,18,35,21,10,8,3.3,0,28,27.8,27.7,0
29,85,69.4,51,25,15.2,3,29,15.2,5,21,7.2,0,27.7,27.5,27.3,0
30,70,62.7,55,17,3.3,-4,17,10.1,5,30,13.5,0,27.9,27.7,27.5,0
31,73,62.3,52,9,3.4,-4,17,10.4,5,13,7,0,28,27.9,27.8,0
Apr,Max,Avg,Min,Max,Avg,Min,Max,Avg,Min,Max,Avg,Min,Max,Avg,Min,Total
1,78,65.8,50,16,8.7,2,24,12.3,5,13,4,0,27.8,27.7,27.6,0
2,87,72.7,57,27,17.9,8,21,13.5,6,12,4.2,0,27.7,27.6,27.6,0
3,92,76.2,59,26,14.4,-1,26,12.5,3,15,6.1,0,27.7,27.6,27.6,0
4,90,76.3,59,13,8.8,2,16,8.4,4,12,5.2,0,27.7,27.6,27.5,0
5,92,77.6,63,19,12.6,6,15,9.2,5,29,12.4,0,27.5,27.4,27.3,0
6,78,70.8,62,16,8.4,4,17,9.3,6,26,8.7,0,27.7,27.6,27.4,0
7,86,72.1,55,23,12.8,3,24,11.9,5,13,6.5,0,27.7,27.6,27.5,0
8,88,76.7,65,28,12.3,-10,20,10.4,2,22,12.5,5,27.6,27.5,27.5,0
9,83,73.8,65,18,11.4,7,16,9.6,6,16,7.1,0,27.7,27.6,27.5,0
10,88,74.1,59,20,12.3,2,21,10.8,5,12,5.1,0,27.6,27.5,27.4,0
11,89,78.2,68,14,9.3,5,12,7.4,5,15,7.3,0,27.5,27.4,27.3,0
12,85,75.9,68,20,11.9,6,14,8.9,6,17,7,0,27.5,27.4,27.3,0
13,86,75.2,66,27,20.2,13,21,13,8,29,14,0,27.4,27.3,27.2,0
14,77,69.1,61,27,21.8,8,27,17.8,7,23,11,3,27.4,27.4,27.3,0
15,75,66.7,57,28,20,11,33,18.4,9,21,12.2,3,27.6,27.5,27.5,0
16,77,66.8,56,29,21,17,25,18.1,11,18,7,0,27.6,27.6,27.5,0
17,74,66,58,30,22.6,15,30,20.3,12,16,10.4,3,27.7,27.7,27.6,0
18,79,69,60,15,11.7,4,17,11.5,6,16,7,0,27.8,27.7,27.6,0
19,88,73.9,57,16,8.3,2,19,9.4,4,17,6.8,0,27.7,27.6,27.4,0
20,84,76,64,27,16.3,3,18,11.2,6,17,8.3,0,27.6,27.5,27.3,0
21,79,72.5,68,33,24.3,13,26,17.3,10,31,18.1,0,27.4,27.3,27.2,0
22,83,71.9,61,34,22.3,8,36,18.6,7,16,10.8,6,27.5,27.4,27.3,0
23,86,75.8,64,21,15.4,7,14,10.3,7,20,9.3,0,27.5,27.5,27.4,0
24,87,76.5,68,33,25.3,18,26,16,8,25,16.4,3,27.5,27.4,27.3,0
25,80,72.3,66,32,23.2,13,28,17,8,28,19.5,5,27.4,27.3,27.3,0
26,69,63.9,60,38,33,30,44,31.9,23,24,15.1,8,27.4,27.3,27.3,0
27,68,61,53,38,32.3,27,52,35.4,22,17,8.8,0,27.6,27.5,27.4,0
28,84,72.8,60,27,21.5,15,28,15.8,8,22,14.1,3,27.8,27.7,27.6,0
29,89,78.5,66,27,22.5,18,21,13.1,8,12,6.5,0,27.9,27.8,27.8,0
30,98,84.3,69,32,25.4,20,19,12.4,7,9,4.4,0,27.8,27.7,27.6,0
May,Max,Avg,Min,Max,Avg,Min,Max,Avg,Min,Max,Avg,Min,Max,Avg,Min,Total
1,95,82.9,70,32,25.6,18,21,13.3,7,26,12.3,3,27.6,27.4,27.3,0
2,88,80.1,74,27,20.9,16,18,11.4,8,26,17.5,0,27.4,27.3,27.2,0
3,84,75.6,67,27,20.5,10,22,13.7,8,28,16,5,27.6,27.5,27.4,0
4,91,78.3,64,21,16,11,15,10,6,9,4.8,0,27.6,27.6,27.5,0
5,94,82.2,67,28,20.4,17,18,10.8,6,14,5.8,0,27.7,27.6,27.6,0
6,98,84.4,66,28,24.7,21,23,12.3,6,17,8.1,0,27.7,27.6,27.5,0
7,93,84.3,73,32,24.7,16,20,11.9,7,24,13.1,0,27.5,27.5,27.4,0
8,90,81,71,23,14.8,-4,16,9.3,3,23,12.1,0,27.6,27.5,27.4,0
9,89,78.7,70,18,10.8,2,12,7.7,5,13,6.1,0,27.6,27.5,27.4,0
10,89,79.3,68,25,19.6,6,16,11.1,5,13,6.3,0,27.5,27.5,27.4,0
11,87,79,69,26,14.9,12,16,9.1,7,14,6,0,27.7,27.6,27.5,0
12,95,82.2,68,27,17.5,12,19,9.9,5,14,6.1,0,27.7,27.6,27.6,0
13,98,85.3,68,26,21,14,20,10.6,5,16,7.8,0,27.7,27.6,27.5,0
14,98,86.4,70,29,20.6,13,16,9.6,5,17,8.8,0,27.6,27.5,27.4,0
15,94,84.4,76,28,22.8,13,17,11,6,24,14.8,6,27.4,27.4,27.3,0
16,83,72.9,65,41,36.3,29,37,27,17,28,8.9,0,27.5,27.4,27.4,0
17,89,78.1,63,39,35,29,41,22.9,12,15,7,0,27.6,27.5,27.4,0
18,98,88.9,73,39,32.8,27,27,14.5,8,15,9,0,27.5,27.4,27.4,0
19,95,85.4,73,30,25.5,13,20,12,5,24,12.4,0,27.4,27.3,27.2,0
20,87,77.3,66,31,12.4,-17,22,11,2,36,20.8,9,27.3,27.3,27.2,0
21,68,62.5,58,34,20,10,41,20.3,12,24,15,0,27.6,27.4,27.3,0
22,70,62.9,53,36,27.5,20,39,27.4,16,23,12.9,5,27.7,27.6,27.6,0
23,82,69.1,53,34,25.4,16,43,23.1,8,15,6.5,0,27.7,27.7,27.6,0
24,87,76.6,64,32,26.9,21,30,17,9,17,8.5,3,27.8,27.7,27.6,0
25,95,82.8,67,30,22.2,13,24,12.1,5,22,8.4,0,27.6,27.6,27.5,0
26,94,84.3,77,29,24.5,14,17,11.8,5,14,7.9,0,27.6,27.6,27.5,0
27,96,84.5,69,32,24.8,20,25,12.5,7,15,6.2,0,27.6,27.6,27.5,0
28,99,86.7,72,27,22.6,12,19,10.6,5,18,7.7,0,27.6,27.5,27.4,0
29,93,83.8,70,30,24.3,20,17,11.8,7,8,4.7,0,27.5,27.4,27.4,0
30,98,88.1,75,30,25,22,15,10.4,7,10,5.7,0,27.5,27.5,27.4,0
31,100,90,73,31,22.5,12,20,9.7,4,10,4.2,0,27.6,27.6,27.5,0
Jun,Max,Avg,Min,Max,Avg,Min,Max,Avg,Min,Max,Avg,Min,Max,Avg,Min,Total
1,103,91.2,75,34,23.9,20,15,9.3,5,9,4.4,0,27.7,27.6,27.5,0
2,107,93.9,76,35,28.6,25,20,10.5,7,14,5.6,0,27.5,27.4,27.4,0
3,108,95.9,83,39,34.2,30,20,12.3,7,14,7.8,3,27.5,27.4,27.4,0
4,109,97.4,84,39,32.6,24,19,11.2,6,15,8.2,3,27.5,27.5,27.4,0
5,108,96.8,83,38,30.1,24,17,10.3,6,21,9.5,0,27.5,27.4,27.3,0
6,104,94.5,83,39,32.3,27,20,11.8,8,17,12.1,0,27.4,27.4,27.3,0
7,98,89.3,82,40,30.5,21,21,12.9,7,22,14.9,6,27.4,27.4,27.3,0
8,95,84.3,72,36,29,23,26,14.9,8,22,14.5,5,27.6,27.5,27.4,0
9,95,85.7,74,35,30.8,27,24,14.7,9,22,13.7,6,27.6,27.6,27.5,0
10,90,79.5,68,28,13.5,-2,22,10,3,26,12.6,0,27.7,27.6,27.6,0
11,95,83.2,68,19,2.7,-9,10,4.8,3,15,7.1,0,27.6,27.6,27.5,0
12,103,89.5,74,27,13.8,6,13,6.7,4,8,5.7,0,27.6,27.5,27.4,0
13,109,93.2,74,27,20.4,4,17,8,2,18,8.2,0,27.6,27.5,27.4,0
14,111,96.2,74,35,22,8,20,8.5,3,21,8.8,0,27.6,27.5,27.5,0
15,113,98.6,81,31,26.9,23,16,8.6,5,10,5,0,27.6,27.5,27.5,0
16,116,102.4,86,38,29,23,14,8.4,4,12,4.9,0,27.6,27.5,27.4,0
17,114,103.3,93,41,33.3,28,15,9.3,6,14,6,0,27.5,27.4,27.4,0
18,114,104.5,91,39,36.4,34,15,9.8,7,15,10.6,3,27.5,27.4,27.3,0
19,113,104.2,94,39,36.7,35,13,10,7,14,7.8,0,27.4,27.4,27.3,0
20,114,104.2,93,40,32.6,23,15,9,4,20,10.4,0,27.4,27.4,27.3,0
21,110,99,86,35,28.7,16,16,9,4,23,13.4,0,27.5,27.5,27.4,0
22,104,96.8,90,36,30.6,26,13,9.8,7,24,16.1,9,27.5,27.5,27.4,0
23,94,89.8,85,50,43,31,29,20.3,11,20,9.2,0,27.6,27.6,27.5,0
24,96,87.1,76,53,49.3,46,36,27.6,19,17,6.4,0,27.6,27.6,27.5,0
25,101,90.2,76,54,41,28,42,21.4,8,8,4.5,0,27.6,27.5,27.4,0
26,107,96.2,81,42,34.6,27,20,12,9,14,5.9,0,27.5,27.5,27.4,0
27,107,99.9,93,42,39.5,37,17,12.6,9,14,8.8,0,27.5,27.5,27.4,0
28,107,99.6,92,42,37.3,34,18,11.7,9,18,8.5,0,27.5,27.4,27.4,0
29,105,94.6,78,62,47.5,39,56,22.1,13,26,12.8,0,27.7,27.5,27.4,0
30,94,85.1,76,61,56.6,53,56,39.2,25,13,6.1,0,27.7,27.6,27.6,0
Jul,Max,Avg,Min,Max,Avg,Min,Max,Avg,Min,Max,Avg,Min,Max,Avg,Min,Total
1,106,94.3,79,58,44.1,29,47,22.7,7,14,5.8,0,27.6,27.5,27.4,0
2,109,97.3,82,38,33,29,21,11.3,6,15,6.3,0,27.6,27.5,27.4,0
3,108,97.2,88,49,39.8,31,22,14.1,9,24,9.2,0,27.6,27.5,27.5,0
4,106,97.1,87,50,44.6,35,28,17.5,10,13,7,0,27.6,27.5,27.5,0
5,109,98.9,85,47,38.4,34,24,13.1,8,10,6,0,27.6,27.5,27.5,0
6,111,100.7,88,42,36.8,35,20,11.5,7,9,4.9,0,27.6,27.5,27.4,0
7,114,103.8,91,43,39.6,37,16,11.5,7,13,7.2,0,27.5,27.4,27.4,0
8,114,103.8,90,54,47.6,41,24,15.6,10,18,8.1,0,27.5,27.5,27.4,0
9,117,105,93,55,48.3,42,23,15.8,9,15,5.3,0,27.6,27.5,27.5,0
10,117,106.5,95,50,43.8,38,20,12.7,7,9,4.5,0,27.6,27.5,27.4,0
11,114,104.1,95,59,52.5,44,30,18.6,12,41,11.9,0,27.6,27.5,27.4,0
12,113,101.3,84,65,56.2,50,53,23.9,14,30,10.6,0,27.6,27.5,27.4,0
13,109,95.8,83,65,60,51,53,32.5,15,28,10.3,0,27.6,27.6,27.4,0
14,107,93.3,83,63,59.8,52,51,34.4,19,26,12.4,5,27.6,27.6,27.5,0
15,105,92.1,81,64,58.8,44,56,35.9,16,17,9.2,0,27.7,27.6,27.4,0
16,108,97.6,86,58,48.9,40,37,21.4,10,22,11.8,3,27.6,27.5,27.4,0
17,107,98.3,87,58,51,42,33,20.9,14,20,11.5,6,27.6,27.6,27.5,0
18,101,94.3,87,66,60.6,58,48,33,25,18,8.6,0,27.7,27.7,27.6,0
19,99,91.1,84,64,60.8,58,51,36.9,26,17,4.1,0,27.8,27.7,27.6,0
20,107,91.8,0,62,56,0,38,28.8,0,21,9.3,0,27.7,27.6,27.5,0
21,102,95.3,88,63,57.8,52,40,29.4,19,10,4.6,0,27.6,27.6,27.5,0
22,105,93.5,88,68,62.6,59,51,36.3,25,32,9.7,0,27.6,27.6,27.6,0
23,106,94.9,85,64,58.9,50,49,32.5,17,21,7.4,0,27.7,27.6,27.6,0
24,101,93.1,87,66,61.8,58,49,35.9,24,18,7.2,0,27.7,27.6,27.6,0
25,101,87.8,73,70,63.9,58,88,48.3,24,43,13.3,3,27.7,27.6,27.5,0
26,91,82.2,78,72,69,64,81,65.5,41,17,7.1,0,27.7,27.7,27.6,0
27,101,90.2,78,69,59,49,69,39.8,17,8,3.7,0,27.7,27.7,27.6,0
28,103,95.5,86,59,52.3,49,39,24.2,16,15,6.4,0,27.7,27.7,27.6,0
29,107,93.8,83,68,56.7,47,58,32.5,14,25,9.2,0,27.7,27.6,27.5,0
30,96,88.3,82,67,61.3,57,60,41.4,29,17,5.3,0,27.7,27.7,27.6,0
31,97,87.8,74,69,62.4,57,85,45,26,33,11.1,0,27.8,27.7,27.7,0
Aug,Max,Avg,Min,Max,Avg,Min,Max,Avg,Min,Max,Avg,Min,Max,Avg,Min,Total
1,100,92.5,83,68,60.9,57,58,36,24,13,5,0,27.8,27.7,27.7,0
2,107,96.1,83,62,53.6,44,49,26.4,12,9,3.4,0,27.8,27.7,27.6,0
3,109,98.9,87,55,49.1,44,31,19.8,12,8,3.7,0,27.7,27.6,27.6,0
4,111,100.1,86,52,44.1,35,30,16.5,7,8,5,0,27.7,27.6,27.5,0
5,112,100.9,86,46,39.5,30,24,13.3,8,21,9.6,0,27.6,27.5,27.5,0
6,107,98.5,88,38,21.1,4,16,7.9,2,18,11.1,0,27.6,27.5,27.5,0
7,106,93.1,80,38,28.4,17,17,10.6,5,9,4.3,0,27.6,27.6,27.5,0
8,107,94.6,78,37,28,15,23,10.9,4,22,10,0,27.6,27.5,27.4,0
9,107,96.4,82,39,33.2,27,21,11.8,7,18,9.4,0,27.6,27.5,27.5,0
10,106,94.5,82,58,49.1,36,32,21.9,12,18,8.6,0,27.7,27.6,27.5,0
11,101,90.5,81,61,59.4,54,49,36.1,24,13,7.6,3,27.7,27.6,27.6,0
12,103,92.9,84,65,61.1,55,53,36,23,24,7.2,0,27.7,27.6,27.5,0
13,102,93.5,86,64,59.4,54,45,32.9,23,12,5.7,0,27.7,27.7,27.6,0
14,104,94.9,85,62,58.2,55,42,29.9,21,14,4.8,0,27.8,27.7,27.6,0
15,107,97,86,61,56.7,46,43,27.4,13,10,5.3,0,27.7,27.6,27.5,0
16,107,98,89,64,58.8,46,43,28.6,13,13,7.5,3,27.6,27.5,27.4,0
17,106,97.5,89,61,58,52,38,27.2,19,23,14,3,27.5,27.4,27.3,0
18,100,91.6,82,51,44.5,24,31,20.6,9,24,17.5,10,27.5,27.4,27.3,0
19,94,84.3,74,49,41.9,31,41,24.2,13,12,4.5,0,27.6,27.5,27.5,0
20,96,86.6,74,47,40.9,31,25,20.2,15,18,6.3,0,27.6,27.5,27.4,0
21,99,90.3,80,53,46.1,38,36,22.9,12,21,11.4,0,27.5,27.4,27.4,0
22,100,89.4,77,48,32.2,8,36,16.7,4,14,7.6,0,27.5,27.5,27.4,0
23,102,88.8,72,37,31.4,26,21,13.5,7,15,8.1,0,27.6,27.5,27.4,0
24,103,91.3,77,45,31.4,13,25,13.8,4,17,8.3,0,27.6,27.6,27.5,0
25,106,93.7,76,43,35.2,27,22,13.4,7,16,7.2,0,27.7,27.6,27.5,0
26,107,95,81,43,22.1,-5,26,10.8,2,16,8.8,0,27.6,27.5,27.4,0
27,108,93.3,78,32,20.8,8,13,7.6,4,17,7.3,0,27.5,27.5,27.4,0
28,108,96.4,83,41,33.3,25,17,11.4,7,15,6.7,0,27.5,27.5,27.4,0
29,108,96.9,84,50,43.8,36,23,16.5,10,14,6.5,0,27.6,27.5,27.4,0
30,103,93.5,82,55,50.2,46,34,23.5,15,16,8,0,27.5,27.4,27.4,0
31,99,90.5,84,64,56.4,52,51,32,22,25,9.8,5,27.5,27.4,27.4,0
Sep,Max,Avg,Min,Max,Avg,Min,Max,Avg,Min,Max,Avg,Min,Max,Avg,Min,Total
1,91,83.1,77,65,62.7,60,66,51,36,17,10.8,5,27.5,27.5,27.4,0
2,100,88,76,63,42.2,20,62,28.6,7,22,10.8,6,27.6,27.5,27.5,0
3,97,86.9,75,32,25.5,16,19,11.8,6,18,5.8,0,27.6,27.6,27.5,0
4,100,88,74,35,27,21,18,11.9,6,10,4.6,0,27.7,27.6,27.6,0
5,106,92.8,79,39,31.6,27,17,11.8,8,10,5,0,27.7,27.6,27.6,0
6,107,95.7,85,40,33.4,28,17,11.5,7,16,6.3,0,27.7,27.6,27.6,0
7,109,96,83,52,38.5,32,23,14.3,7,9,4.5,0,27.7,27.6,27.5,0
8,107,95.6,81,52,37.1,28,22,13.7,8,9,4.3,0,27.6,27.6,27.5,0
9,107,95.4,84,57,50.5,40,37,23.2,11,16,6.5,0,27.7,27.6,27.5,0
10,101,92,83,65,55.3,51,39,29.4,19,26,7.5,0,27.7,27.6,27.6,0
11,103,92.8,79,56,48.8,38,45,24.2,11,20,8.7,0,27.7,27.6,27.6,0.11
12,105,92.6,79,50,40.9,28,36,19,8,18,7.5,0,27.7,27.6,27.5,0
13,105,92,77,42,32.9,24,29,14,6,18,8,0,27.6,27.5,27.4,0
14,102,90.5,74,33,27.3,21,22,11.4,6,10,5.1,0,27.6,27.6,27.5,0
15,101,89.3,76,32,27.1,22,20,11.2,7,14,6.5,0,27.6,27.5,27.4,0
16,100,86.7,71,30,23.4,14,20,11.3,5,20,8,0,27.5,27.5,27.4,0
17,92,82.2,70,52,38.3,20,34,21.9,11,18,5.4,0,27.7,27.6,27.5,0
18,96,85.1,76,54,40.6,19,42,24.3,10,22,7.7,0,27.7,27.6,27.6,0
19,95,84.5,68,35,27.5,17,21,13.4,6,25,13,0,27.6,27.5,27.4,0
20,89,81,74,35,28.7,23,20,15.1,11,20,7.2,0,27.8,27.7,27.6,0
21,92,79.2,66,31,24.2,18,24,14.4,7,10,4.8,0,27.9,27.9,27.8,0
22,99,82.9,67,36,27.5,21,23,14.5,7,12,4.1,0,27.9,27.8,27.6,0
23,96,84.7,73,46,37.1,31,27,18.9,13,8,4.5,0,27.6,27.6,27.5,0
24,96,84.8,72,44,36.8,32,33,19,12,9,3.8,0,27.7,27.6,27.6,0
25,94,82.5,71,52,45,36,39,27.1,18,10,5.7,0,27.7,27.6,27.6,0
26,94,83.3,72,56,51.2,48,45,33.9,21,12,6,0,27.7,27.6,27.5,0
27,92,81.2,72,58,55.7,51,59,42.6,29,15,7.3,0,27.6,27.6,27.5,0
28,89,81.4,75,51,38.1,25,40,22.3,14,17,9.9,0,27.5,27.4,27.4,0
29,83,75.3,69,24,17.3,5,17,11.8,5,20,11.9,0,27.7,27.6,27.5,0
30,84,74,65,22,15.3,7,19,11.5,6,18,8.9,0,27.8,27.7,27.7,0
Oct,Max,Avg,Min,Max,Avg,Min,Max,Avg,Min,Max,Avg,Min,Max,Avg,Min,Total
1,85,74.2,63,30,23.7,14,23,15.7,10,15,6.5,0,27.8,27.7,27.7,0
2,88,76.3,62,34,28.5,25,30,18.3,11,10,4,0,27.8,27.7,27.7,0
3,92,80.3,69,36,30.4,26,24,16.9,10,12,5.1,0,27.8,27.7,27.6,0
4,90,78.3,67,40,35.9,32,32,22.7,15,8,4.5,0,27.7,27.7,27.6,0
5,81,74.8,71,53,45.9,38,48,35.9,28,21,6,0,27.7,27.6,27.6,0
6,83,74.1,64,52,47.8,42,58,40.8,28,9,4.5,0,27.7,27.6,27.6,0
7,84,75.4,67,52,48.1,45,51,38.7,29,13,6,0,27.7,27.6,27.6,0
8,77,71.1,65,59,46.7,40,78,44.2,26,22,11.7,5,27.7,27.6,27.5,0
9,77,67.9,56,43,33.8,19,57,31.7,13,14,6.7,0,27.7,27.7,27.6,0
10,79,69.5,62,34,29.4,24,33,23.1,13,20,8,0,27.8,27.7,27.5,0
11,77,62.3,49,38,30.6,22,61,34.4,13,46,18.5,0,27.5,27.3,27.1,0
12,65,56.3,48,35,28.9,25,61,37.5,23,35,16.7,0,27.6,27.5,27.2,0
13,68,59,50,29,26.2,22,43,29.8,19,15,6.6,0,27.7,27.6,27.6,0
14,73,61.7,50,29,26.1,22,44,27.6,16,13,4.5,0,27.9,27.7,27.6,0
15,74,64.3,55,28,20.8,15,33,20.1,11,9,4.9,0,28,27.9,27.9,0
16,79,65.3,51,24,19.4,11,30,19,8,14,4.9,0,27.9,27.8,27.7,0
17,83,68.5,53,25,22.2,17,34,19,10,13,7.7,0,27.7,27.6,27.5,0
18,67,62.2,57,37,29.9,20,41,30.5,17,29,13.3,0,27.6,27.5,27.4,0
19,70,60.6,51,28,24.3,21,38,26,16,18,6.3,0,27.7,27.7,27.6,0
20,73,61.6,49,33,28.6,25,43,30.2,18,8,4,0,27.8,27.8,27.7,0
21,79,66.2,53,36,31.8,29,47,29.3,17,8,3.3,0,27.9,27.8,27.7,0
22,84,68.8,53,37,28.3,15,50,25.9,8,21,8.6,0,27.7,27.6,27.4,0
23,80,71.7,65,43,40.4,37,42,32.5,24,17,7,0,27.5,27.4,27.4,0
24,78,69.6,60,43,39.6,38,46,34.1,27,15,8.3,0,27.5,27.5,27.4,0
25,79,68.4,56,47,41.1,36,56,38,26,23,15.2,6,27.5,27.4,27.3,0
26,69,61.3,54,37,29,20,49,31.3,16,23,12.9,0,27.8,27.7,27.5,0
27,75,63,51,37,33.7,32,49,34.7,22,10,4.1,0,27.9,27.9,27.8,0
28,83,69.7,58,40,37.8,36,47,32.9,19,10,5.2,0,27.9,27.8,27.8,0
29,82,68.6,57,40,38.4,35,51,34.8,18,8,4.7,0,27.8,27.7,27.6,0
30,82,69,53,39,38.2,37,57,34.2,21,9,4.4,0,27.6,27.6,27.5,0
31,82,72,63,39,35.1,28,40,27.2,14,16,7.6,0,27.6,27.6,27.5,0
Nov,Max,Avg,Min,Max,Avg,Min,Max,Avg,Min,Max,Avg,Min,Max,Avg,Min,Total
1,80,69,57,39,33.4,26,46,28.7,14,15,7,0,27.7,27.7,27.6,0
2,78,68.4,59,37,33.5,31,37,28.2,19,9,4.1,0,27.8,27.8,27.7,0
3,79,67.9,56,38,34.7,32,44,30.3,21,9,3.3,0,27.9,27.8,27.7,0
4,79,66.9,56,37,35,33,47,32.3,20,8,4.5,0,27.8,27.7,27.6,0
5,80,67.1,53,38,34.7,33,48,31.9,18,8,3.5,0,27.8,27.7,27.7,0
6,86,69.8,53,36,29.2,16,48,25.9,8,23,7.7,0,27.7,27.6,27.6,0
7,84,72.2,58,29,23.1,15,32,17.4,10,18,9.2,0,27.7,27.6,27.6,0
8,81,69.1,59,32,23,12,27,18.5,8,16,6.4,0,27.7,27.7,27.6,0
9,76,69.1,62,37,31,19,37,24.9,15,18,10.5,5,27.8,27.7,27.7,0
10,81,69,62,39,34.8,28,43,29.8,15,20,10.3,0,27.9,27.8,27.8,0
11,79,68.8,61,35,33.2,31,38,27.3,20,18,8,0,28,27.9,27.8,0
12,80,68.9,61,36,34.9,32,38,29.5,20,10,4.8,0,28,27.9,27.9,0
13,80,67.2,57,37,32.2,25,35,28.1,18,9,4.1,0,27.9,27.9,27.8,0
14,80,65.8,55,33,28.9,25,37,26.3,14,10,3,0,27.9,27.9,27.8,0
15,77,64.4,52,32,29.3,25,43,28.3,17,8,4.4,0,27.9,27.8,27.7,0
16,76,64.5,57,31,28.1,25,37,26.2,16,10,5.2,0,27.7,27.6,27.6,0
17,73,62.6,54,27,23.3,20,30,22.7,15,14,5.3,0,27.9,27.8,27.7,0
18,67,57,46,25,20.2,14,39,25.4,14,8,3.7,0,27.9,27.8,27.8,0
19,69,59.1,52,25,22.8,20,34,25.5,16,8,3,0,27.8,27.8,27.7,0
20,73,60.8,48,29,24.4,21,39,26.1,16,13,5,0,27.9,27.8,27.7,0
21,69,60.2,51,26,18.8,12,33,21.4,13,14,8.1,0,28.1,28,27.9,0
22,68,56.5,45,20,15.5,12,33,21,12,8,3.5,0,28,27.9,27.7,0
23,70,58.4,49,21,17,8,31,20.7,13,18,5.6,0,27.7,27.6,27.6,0
24,63,57.3,52,16,8.5,0,22,14.7,10,22,14.7,7,28.1,27.9,27.6,0
25,65,53.3,45,8,5.7,2,22,15.3,9,16,8.9,0,28.2,28.1,28,0
26,67,53.3,41,16,7.9,4,26,17.2,10,8,3.1,0,28,27.9,27.8,0
27,70,56.2,43,15,8.9,3,27,16.3,7,9,3.9,0,27.9,27.8,27.8,0
28,72,58,46,21,14.8,11,26,19.3,11,8,3.4,0,28,27.9,27.9,0
29,74,59.9,47,26,21.5,19,33,24,14,8,3.3,0,27.9,27.8,27.8,0
30,78,64.5,51,24,21,19,28,19.6,13,14,5.8,0,27.9,27.8,27.8,0
Dec,Max,Avg,Min,Max,Avg,Min,Max,Avg,Min,Max,Avg,Min,Max,Avg,Min,Total
1,76,63.4,52,23,18.5,16,30,18.3,11,13,6,0,27.9,27.9,27.8,0
2,71,59.5,48,29,24.5,20,37,27,18,8,2.9,0,27.9,27.8,27.8,0
3,70,58.8,49,30,26.3,24,44,30,19,9,2.9,0,27.8,27.8,27.7,0
4,69,56.9,46,29,25.9,24,46,31.8,19,8,3.2,0,27.9,27.8,27.8,0
5,78,63.7,51,24,18.3,13,31,18.7,8,17,9.3,3,27.8,27.8,27.7,0
6,69,60.1,51,26,19.8,16,30,21.7,14,10,4,0,27.8,27.7,27.6,0
7,62,58,54,47,31.8,21,77,39.3,24,14,3,0,27.8,27.7,27.6,0
8,65,55.9,48,47,41.5,37,83,60.4,39,10,3.6,0,27.7,27.6,27.5,0
9,59,55,48,41,37,34,66,51.3,41,24,15.1,3,27.6,27.4,27.4,0
10,54,48.1,40,31,18.4,8,51,32.2,21,20,9.4,0,27.9,27.8,27.6,0
11,50,41.3,34,14,10.6,4,44,30.3,17,7,3.1,0,28,27.9,27.8,0
12,54,42.4,33,18,13.7,11,44,32.5,21,8,4.2,0,27.8,27.7,27.7,0
13,57,47,34,29,21.8,16,54,37.9,27,9,4.3,0,27.8,27.7,27.6,0
14,57,49.4,43,46,33.7,25,77,55.5,41,28,12,0,27.6,27.5,27.3,0
15,50,42.9,37,25,19.6,14,62,41.2,25,18,7.2,0,27.9,27.8,27.6,0
16,49,40.7,32,26,24.2,23,73,53.3,38,10,4,0,27.8,27.8,27.7,0
17,54,41.7,0,25,20.4,0,60,38,0,23,11.9,0,27.9,27.9,27.8,0
18,54,43.8,34,24,19.6,17,56,39.8,23,12,4.8,0,28,27.9,27.9,0
19,54,42.1,33,22,19.5,18,56,42.1,24,7,4.1,0,27.9,27.9,27.8,0
20,54,44.6,32,26,21.2,19,61,41.1,25,7,3,0,27.9,27.9,27.9,0
21,55,47.3,38,28,25.6,24,62,43.8,31,8,3.9,0,27.9,27.9,27.8,0
22,56,46.7,36,27,24.5,23,64,43.8,29,7,2.6,0,27.8,27.8,27.7,0
23,58,52.7,48,47,35.2,26,77,53.3,34,20,6.3,0,27.7,27.6,27.4,0
24,63,56.8,50,47,40.1,36,77,55.1,37,29,14.5,0,27.6,27.4,27.3,0.04
25,60,50.7,39,37,33.6,29,82,54.4,33,22,9.1,0,27.6,27.5,27.4,0.01
26,56,50.4,45,33,23,19,54,34.8,26,28,13.2,0,27.6,27.5,27.4,0.01
27,54,46.7,37,29,24.8,21,57,43.3,31,26,12.7,3,27.6,27.4,27.3,0
28,49,43.1,38,35,29,25,74,58.4,39,16,7.2,0,27.4,27.4,27.4,0
29,50,43.4,32,33,28.5,25,79,57.4,41,13,6,0,27.6,27.5,27.5,0
30,56,50.7,45,37,35,33,68,55.6,42,16,8.1,0,27.6,27.5,27.4,0
31,57,52.3,45,40,32.8,12,61,48.5,25,32,12.7,0,27.5,27.3,27.2,0
2022,,,,,,,,,,,,,,,,
Jan,Max,Avg,Min,Max,Avg,Min,Max,Avg,Min,Max,Avg,Min,Max,Avg,Min,Total
1,48,42,34,12,8.9,4,38,26.5,18,22,12.5,0,28.1,27.9,27.5,0
2,46,36.8,27,15,10,4,58,35.4,19,7,3.3,0,28.1,28,27.9,0
3,49,39.5,29,17,12,8,49,33.8,22,8,4.4,0,27.9,27.9,27.8,0
4,55,43.6,34,20,16,13,48,34.7,21,8,3.6,0,27.9,27.9,27.8,0
5,58,46.8,36,23,19.8,17,50,35.8,22,10,3.3,0,27.9,27.8,27.8,0
6,62,49.8,40,31,27.9,23,62,44.5,29,7,3.6,0,27.8,27.7,27.6,0
7,63,52.3,39,31,30,28,65,44.7,30,10,3.3,0,27.6,27.5,27.4,0
8,65,55.8,48,30,24.2,20,46,30.7,18,17,11.3,5,27.9,27.7,27.5,0
9,62,52.1,43,23,20.5,18,42,29.9,18,16,8.3,0,28.1,28.1,27.9,0
10,60,49.9,39,21,17.4,15,49,29,17,14,5.2,0,28.2,28.1,28.1,0
11,62,50.8,41,18,15.4,13,36,25.3,15,12,6.5,0,28.1,28.1,28,0
12,65,53.3,43,24,20,15,37,28.2,17,10,4.3,0,28.1,28,28,0
13,64,53.6,44,26,24.2,22,44,32.9,22,8,3.4,0,28,27.9,27.8,0
14,68,58.9,48,24,22.1,20,37,25,17,17,10.2,5,28,27.9,27.8,0
15,60,51.6,44,23,20.4,18,40,30.2,20,12,4.9,0,28.1,28,27.9,0
16,62,49.5,38,20,17.4,14,43,29.6,16,8,3.8,0,27.9,27.8,27.8,0
17,61,51,42,24,18.3,14,43,28.6,18,7,3.3,0,27.8,27.7,27.7,0
18,60,51.7,44,40,35.3,28,74,55,34,7,2.7,0,27.8,27.7,27.7,0
19,64,53.3,42,35,28.5,22,73,41.3,24,10,6,0,27.9,27.8,27.8,0.02
20,62,53.3,44,25,22.2,19,43,30.6,20,17,6.1,0,28.1,27.9,27.8,0
21,61,51.1,41,26,21,17,42,31.2,24,22,9.6,0,27.8,27.8,27.7,0
22,63,54.7,48,19,17.3,16,29,23.5,18,23,15,6,27.9,27.8,27.8,0
23,63,54.7,46,16,14.4,11,28,20.9,15,17,9.3,0,28,27.9,27.8,0
24,66,54.1,45,23,19.8,14,40,26.8,18,17,6.1,0,27.8,27.7,27.6,0
25,61,53.8,43,21,16.5,13,39,24,16,29,12,0,27.9,27.7,27.6,0
26,57,47.6,38,17,15.2,9,41,28.3,19,9,4.2,0,28,27.9,27.8,0
27,63,51.4,41,11,7.2,1,26,17.5,11,18,8.8,0,28.1,28,27.9,0
28,61,48.4,37,7,2.6,-2,27,16.4,8,15,5.4,0,28.2,28.1,28,0
29,61,50.1,37,10,5.7,3,29,17.8,10,9,4.2,0,28,27.9,27.8,0
30,65,52.7,41,13,7.1,3,26,16.7,10,12,6.2,3,27.9,27.8,27.8,0
31,57,47.5,39,17,9.4,5,31,22.2,15,8,2.8,0,27.8,27.7,27.6,0
Feb,Max,Avg,Min,Max,Avg,Min,Max,Avg,Min,Max,Avg,Min,Max,Avg,Min,Total
1,60,51.5,43,17,9.3,0,31,19.3,12,20,8.1,0,27.6,27.6,27.5,0
2,50,44,38,4,1,-3,23,17.1,11,28,15,3,27.9,27.8,27.6,0
3,55,43.5,33,12,6.9,2,31,22.7,16,10,4.5,0,28.1,28,27.9,0
4,56,45.4,35,14,12.5,11,39,27.4,17,10,5.1,0,28.2,28.1,28.1,0
5,63,49.8,36,14,11.6,9,39,23.1,14,12,5.7,0,28.1,28,27.9,0
6,67,57.6,49,13,11.5,10,23,16.5,11,17,8,0,28.1,28,27.9,0
7,65,53.5,43,18,13.3,8,29,21,14,8,4.4,0,28.1,28.1,28,0
8,75,59.5,45,17,14.2,12,30,18.2,9,18,7.6,0,28,27.9,27.9,0
9,76,64.5,53,24,15,10,22,15.5,8,17,10.3,3,27.9,27.9,27.8,0
10,76,65.4,57,30,27,24,34,24.1,16,18,10.6,0,28,27.9,27.8,0
11,80,66.5,55,28,22.4,11,35,20.5,7,15,8,0,27.9,27.8,27.7,0
12,73,59.7,49,21,14.7,5,33,19.1,8,9,4.2,0,28,27.9,27.9,0
13,72,56.7,43,15,12.2,8,31,19.1,8,8,2.9,0,28,27.9,27.9,0
14,70,58.6,43,15,10.8,9,30,16.2,10,20,5,0,27.9,27.7,27.4,0
15,66,61.7,55,29,22.4,12,31,22.5,16,24,14.6,0,27.4,27.4,27.3,0
16,66,56.7,50,27,19.3,12,38,24.7,13,24,18,0,27.9,27.6,27.4,0
17,62,52.7,46,15,12.4,8,29,20.9,12,18,9.8,0,28,28,27.9,0
18,67,54.8,43,16,11.1,8,25,18.4,11,21,4.7,0,28,27.9,27.9,0
19,69,56.7,45,20,17,15,33,22.6,13,8,4.7,0,27.9,27.8,27.7,0
20,71,59.2,42,22,16.9,11,38,21.3,10,14,6.5,0,27.7,27.6,27.4,0
21,68,61.5,50,22,16.4,7,23,17.8,10,23,5.3,0,27.4,27.3,27.3,0
22,58,49.7,44,32,20.1,10,63,33.3,19,22,4.9,0,27.5,27.4,27.3,0
23,51,41.9,0,30,18.2,0,68,38.1,0,22,8,0,27.8,27.6,27.4,0
24,52,42.2,33,14,9.6,7,38,27.3,18,14,5.6,0,27.9,27.9,27.8,0
25,57,46.9,37,13,6.3,-2,33,20.6,11,15,7,0,28,27.9,27.8,0
26,57,46.2,36,12,6.6,0,37,21.3,10,10,5,0,28.1,28,28,0
27,63,50,35,9,5.1,2,30,17.3,9,8,3.9,0,28.1,28,27.9,0
28,74,58.3,41,13,7.4,3,23,14.2,8,9,4.9,0,28,27.9,27.8,0
Mar,Max,Avg,Min,Max,Avg,Min,Max,Avg,Min,Max,Avg,Min,Max,Avg,Min,Total
1,78,61.6,47,16,13.3,10,25,16.5,7,8,4.1,0,27.9,27.8,27.8,0
2,79,63.4,48,19,15.7,12,29,17.1,8,8,3.7,0,27.8,27.8,27.7,0
3,78,65.6,51,19,16.2,12,28,15.9,9,9,6,0,27.7,27.5,27.4,0
4,67,60.1,52,34,26.5,16,45,28.6,19,21,11.3,0,27.5,27.5,27.4,0
5,56,52.1,45,35,21.5,9,56,32.1,15,26,16.2,3,27.6,27.5,27.4,0
6,62,53.1,44,29,21.3,13,53,31.3,20,22,12.5,0,27.8,27.7,27.6,0
7,59,51.3,45,17,10.3,2,30,20.1,11,26,15.7,5,27.9,27.9,27.8,0
8,61,52.1,43,17,12.3,7,28,20.8,16,13,6.3,0,27.9,27.8,27.6,0
9,71,59.1,44,24,18.2,14,31,21.3,14,17,6.8,0,27.6,27.5,27.4,0
10,58,52.7,45,33,12.1,-2,42,22,10,31,18.2,8,27.9,27.7,27.4,0
11,62,50.9,40,6,0.5,-2,19,13.5,8,12,6.5,0,28.1,28,27.9,0
12,69,55.5,41,12,7.3,4,27,15.8,9,7,3.3,0,28,27.9,27.7,0
13,50,48.5,47,12,11.5,11,23,22.5,22,6,5.5,5,27.7,27.7,27.7,0
14,70,61.9,52,22,18.5,7,25,19,13,13,5.3,0,28,27.9,27.8,0
15,76,63.4,49,25,21.7,19,38,22.2,12,8,4.2,0,27.9,27.8,27.7,0
16,77,67.9,59,35,29.8,20,38,25.7,12,25,14.4,5,27.8,27.6,27.6,0
17,69,61.4,53,22,15.2,8,23,17.2,11,17,5.4,0,27.9,27.8,27.7,0
18,75,61.9,49,17,14.2,11,28,16.9,9,8,4.4,0,27.8,27.7,27.7,0
19,80,65,52,33,17.6,6,31,17.8,6,22,9.1,0,27.7,27.6,27.4,0
20,71,62.6,55,33,18.8,-3,40,21.8,6,30,22,7,27.7,27.5,27.4,0
21,74,61.7,51,21,12.5,3,20,14.8,12,18,12.8,3,27.9,27.8,27.7,0
22,78,66.3,57,28,25.4,19,29,21.9,15,17,9,0,27.9,27.9,27.8,0
23,76,65.5,54,27,19.4,12,33,18.9,10,15,4.9,0,28,27.9,27.8,0
24,84,69.3,55,26,20.6,12,27,17.1,9,8,3.3,0,27.8,27.8,27.7,0
25,90,74.5,58,28,24.7,20,31,17.5,9,9,4.8,0,27.8,27.7,27.6,0
26,93,77.4,60,26,21.9,15,26,14.2,6,13,7.2,0,27.6,27.6,27.4,0
27,90,76.2,61,24,18,11,24,12.4,6,22,9.6,0,27.5,27.5,27.4,0
28,80,69.6,55,49,25,9,77,25.6,7,36,14.7,3,27.4,27.4,27.3,0
29,74,63.2,51,47,38.8,31,83,46.3,21,23,9.7,0,27.6,27.5,27.4,0.05
30,79,69.6,58,38,28.2,22,38,22.8,13,17,7.8,0,27.7,27.6,27.5,0
31,78,68.6,58,33,29.7,26,36,24.3,15,15,5,0,27.5,27.5,27.4,0
Apr,Max,Avg,Min,Max,Avg,Min,Max,Avg,Min,Max,Avg,Min,Max,Avg,Min,Total
1,81,70.9,62,32,27,20,29,20,14,14,6.2,0,27.6,27.6,27.5,0
2,85,72.6,58,31,29,25,33,21.2,13,20,8.4,0,27.7,27.6,27.5,0
3,80,72.2,63,33,29.5,27,29,21.2,16,15,5.6,0,27.6,27.5,27.4,0
4,87,73.8,58,32,24.6,17,33,18.3,8,25,6.7,0,27.6,27.5,27.5,0
5,90,78,62,29,21.8,12,24,13.5,8,26,16,0,27.7,27.6,27.5,0
6,79,70,61,14,10.6,8,15,10.4,8,20,13,3,28,27.9,27.7,0
7,84,70.7,57,15,9.2,1,19,10.4,4,13,4.5,0,28,27.9,27.8,0
8,89,74.8,59,23,17.7,13,22,12.6,7,8,3.3,0,27.9,27.7,27.6,0
9,92,77.7,63,24,16.8,1,21,11.5,4,28,8.1,0,27.6,27.4,27.3,0
10,75,68.3,61,15,5.9,1,16,8.9,6,25,8.5,0,27.6,27.5,27.4,0
11,79,68.2,51,32,22.1,9,26,17.8,13,44,20.8,0,27.4,27.2,27.1,0
12,62,54.8,48,9,-0.3,-8,18,11.4,6,37,18.9,5,27.6,27.6,27.3,0
13,69,58,45,4,0.8,-5,16,10.3,6,14,5.3,0,27.8,27.7,27.6,0
14,78,64.7,49,23,11.8,2,19,13.1,9,21,10,0,27.6,27.5,27.4,0
15,81,69.4,55,29,25.8,23,31,20.3,13,20,8.8,0,27.6,27.5,27.4,0
16,80,72.8,64,29,26.4,22,26,18.2,12,38,18.6,6,27.6,27.5,27.5,0
17,86,72.2,58,29,19.8,-3,32,16.1,4,13,6.7,0,27.8,27.7,27.6,0
18,90,76.5,57,19,12.7,5,19,10,4,23,10.9,3,27.6,27.6,27.5,0
19,88,78.6,70,29,18.8,5,22,11.4,6,31,18.7,0,27.5,27.4,27.3,0
20,85,73.5,62,34,29.8,23,33,21.1,12,21,10.2,0,27.5,27.5,27.4,0
21,83,73.8,65,32,24.5,11,29,17.4,7,33,21.5,13,27.5,27.5,27.4,0
22,71,60.8,52,43,34.8,20,71,39.6,14,24,14.3,5,27.7,27.5,27.4,0
23,75,65.5,53,32,22.5,13,40,21.9,11,21,12,0,27.8,27.7,27.7,0.07
24,75,67,58,20,16.7,13,22,15.1,9,17,8.1,0,27.8,27.8,27.7,0
25,79,69.1,54,21,15.2,8,27,14,7,13,5.5,0,27.8,27.8,27.6,0
26,89,74,57,21,14.6,11,24,12.1,5,15,7.5,0,27.6,27.6,27.4,0
27,89,78.2,64,29,23,14,22,13.4,10,18,9.2,0,27.5,27.5,27.4,0
28,84,75.3,67,25,14.7,6,18,10.8,5,23,15.2,0,27.5,27.4,27.4,0
29,84,73.4,65,21,16.1,10,16,11.7,7,22,10.6,0,27.7,27.6,27.5,0
30,90,75.9,59,23,16.2,6,23,12.1,5,17,7.8,0,27.7,27.5,27.4,0
May,Max,Avg,Min,Max,Avg,Min,Max,Avg,Min,Max,Avg,Min,Max,Avg,Min,Total
1,85,76.3,67,26,20.2,11,18,12.5,8,31,18.8,7,27.6,27.4,27.3,0
2,88,75.6,62,27,24.1,20,25,15.7,9,21,10.1,0,27.6,27.5,27.3,0
3,81,73.8,66,26,18,10,19,12.7,8,30,18.9,6,27.6,27.5,27.3,0
4,82,72.8,62,29,27.8,26,26,19.3,13,18,7.8,0,27.7,27.7,27.6,0
5,92,79.1,62,31,26.3,15,31,16.4,7,16,8.2,0,27.7,27.6,27.5,0
6,97,85,69,33,29.6,24,22,14.1,10,21,11.4,0,27.6,27.5,27.4,0
7,94,84.4,76,36,29.3,18,22,14.3,8,25,13.8,0,27.4,27.4,27.3,0
8,84,75.7,65,30,20.9,9,24,13.5,9,36,16.5,0,27.3,27.3,27.2,0
9,75,65.7,57,19,10.1,2,18,11.6,8,21,14.5,5,27.5,27.5,27.4,0
10,74,65.8,57,23,14,7,23,14,10,26,15.1,5,27.6,27.6,27.5,0
11,70,63.4,56,23,16.6,6,25,17.1,9,29,14.4,0,27.8,27.6,27.5,0
12,76,66,54,22,17,12,29,16.5,9,15,7.1,0,27.9,27.8,27.7,0
13,89,75.4,61,23,16.1,12,16,11.1,7,13,5.7,0,27.8,27.7,27.6,0
14,96,82.2,65,23,16.4,11,16,9.4,5,12,4.4,0,27.7,27.7,27.6,0
15,98,86.3,68,20,15,10,15,7.9,4,12,5.3,0,27.6,27.6,27.4,0
16,100,88,71,30,23.6,15,14,9.9,6,17,8.8,0,27.5,27.5,27.4,0
17,98,86.7,72,30,26.5,24,20,11.8,8,22,7.5,0,27.6,27.5,27.4,0
18,97,86.6,70,30,26.3,23,23,12.1,7,10,5.6,3,27.7,27.6,27.5,0
19,102,89.6,73,31,27.2,25,17,11.3,7,24,12.5,0,27.5,27.4,27.2,0
20,83,76.5,69,34,18,8,20,11.5,7,32,15.3,0,27.5,27.4,27.2,0
21,84,73.6,61,19,13.3,10,14,10.3,7,13,4.8,0,27.6,27.6,27.5,0
22,93,80.5,65,24,20.4,16,19,11.3,7,14,4.3,0,27.7,27.6,27.5,0
23,89,81.7,72,26,21.8,14,15,11.1,9,15,6.5,0,27.6,27.6,27.5,0
24,92,81.8,69,28,19.5,14,19,10.3,7,10,3.5,0,27.6,27.6,27.5,0
25,98,86.1,69,33,24.7,22,20,11.5,7,10,4.8,0,27.6,27.6,27.5,0
26,102,89.9,74,32,28.2,24,21,11.8,7,21,9.2,0,27.6,27.5,27.5,0
27,101,91.7,82,33,27,22,17,10.4,6,21,13,6,27.6,27.5,27.4,0
28,94,86.9,80,39,33.3,28,23,15,12,22,12.5,0,27.4,27.3,27.2,0
29,89,80.6,74,40,19.3,6,29,12.8,5,31,19,0,27.4,27.3,27.2,0
30,82,74.2,64,26,22,9,22,14.6,8,12,6.6,0,27.5,27.5,27.4,0
31,87,77.6,66,28,24.5,19,21,14.3,10,23,9.1,0,27.6,27.5,27.4,0
Jun,Max,Avg,Min,Max,Avg,Min,Max,Avg,Min,Max,Avg,Min,Max,Avg,Min,Total
1,90,80.4,70,29,24.5,19,21,13.6,8,17,7.6,0,27.7,27.6,27.5,0
2,100,85.8,67,26,21.2,18,19,10.2,6,16,6.3,0,27.6,27.5,27.4,0
3,100,89.8,78,32,28.7,26,15,11.5,8,20,12.1,6,27.4,27.4,27.4,0
4,96,87.5,77,40,37.2,33,24,17.3,13,22,13.4,5,27.5,27.4,27.4,0
5,101,88.7,74,41,39.1,35,30,18.4,11,24,7.6,0,27.5,27.4,27.4,0
6,101,91.2,78,42,39.8,37,28,17.3,11,13,7.5,0,27.5,27.4,27.4,0
7,105,94.3,82,41,35.3,21,20,13.3,7,18,7.6,0,27.5,27.5,27.4,0
8,107,95.3,80,44,38.3,31,24,14.7,8,17,8.2,0,27.6,27.5,27.4,0
9,107,96.4,80,44,38.4,35,25,14.1,8,18,8.6,0,27.6,27.5,27.5,0
10,110,97.7,80,42,35.9,33,20,12.3,7,18,9.3,0,27.6,27.6,27.5,0
11,110,100.5,88,42,34.3,29,16,10.5,6,21,13.1,3,27.6,27.5,27.4,0
12,108,95.9,82,44,33.4,24,20,12,6,25,13,0,27.4,27.4,27.3,0
13,99,90.2,81,52,41.2,19,35,20,8,32,16.5,0,27.4,27.4,27.3,0
14,92,84,75,21,16.5,12,12,8.2,6,28,11.3,0,27.7,27.6,27.4,0
15,100,89,76,30,17.2,12,13,7.5,5,13,5.7,0,27.6,27.6,27.5,0
16,108,93.2,74,30,23.8,19,18,9.3,5,21,9.3,0,27.6,27.5,27.3,0
17,104,92.5,83,34,27.7,19,15,10.3,5,30,16.3,6,27.4,27.4,27.3,0
18,91,82.4,75,27,14.7,5,16,8.4,4,23,15.1,8,27.5,27.4,27.4,0
19,88,78.8,69,27,19.3,12,17,11.3,7,22,12.3,5,27.6,27.6,27.5,0
20,92,83,74,27,21.1,15,15,10.5,7,16,7,0,27.8,27.7,27.6,0
21,100,87.3,71,28,20.8,17,17,9.5,6,13,6,0,27.7,27.6,27.6,0
22,94,87.6,81,55,41.6,24,41,20.9,12,25,11.1,0,27.7,27.7,27.6,0
23,101,89.5,76,53,45.7,41,45,23.5,14,22,9,0,27.6,27.6,27.5,0
24,103,93.1,80,43,36.9,28,26,15.3,7,20,9,0,27.6,27.5,27.5,0
25,104,93.7,77,39,35.7,29,23,13.6,10,16,6.1,0,27.7,27.6,27.5,0
26,107,95.8,82,52,41,35,25,15.9,9,17,6.1,0,27.7,27.7,27.6,0
27,106,95.8,86,56,48.5,37,33,21.6,9,13,5.3,0,27.8,27.7,27.6,0
28,108,98.2,84,50,46,41,28,17.5,12,17,8.7,3,27.7,27.6,27.6,0
29,108,100.1,88,49,41.7,37,23,13.9,9,24,11.6,0,27.7,27.6,27.5,0
30,105,97.5,89,43,39.2,36,18,13.6,10,20,14.5,9,27.6,27.6,27.5,0
Jul,Max,Avg,Min,Max,Avg,Min,Max,Avg,Min,Max,Avg,Min,Max,Avg,Min,Total
1,106,97,87,37,29.3,17,17,9.8,4,22,14.7,5,27.6,27.5,27.4,0
2,104,94.8,81,42,37.1,33,21,13.8,9,22,11.7,0,27.6,27.5,27.4,0
3,100,91.9,83,34,28.8,18,17,11.2,5,23,14.4,5,27.5,27.5,27.4,0
4,101,89.9,76,36,30,22,22,12.6,6,15,9.8,3,27.6,27.5,27.5,0
5,101,91,76,39,34.7,27,20,14,10,17,7.8,0,27.6,27.5,27.4,0
6,102,92.3,79,46,35.2,19,27,15.1,5,25,11.7,0,27.6,27.6,27.5,0
7,103,93.6,79,43,36.7,32,22,14.3,10,16,7.4,0,27.7,27.6,27.6,0
8,107,95.9,79,38,29.1,17,22,10.5,4,20,7.5,0,27.7,27.6,27.6,0
9,110,96.4,80,37,29.3,16,19,10.4,4,18,7.5,0,27.7,27.7,27.6,0
10,110,98.1,82,42,33.9,23,16,10.9,8,12,5.5,0,27.7,27.6,27.6,0
11,111,100.5,85,46,41.4,35,24,14,9,10,5,0,27.6,27.6,27.5,0
12,112,101.2,86,44,40.3,38,20,12.8,9,15,7.6,3,27.6,27.5,27.4,0
13,111,101.8,91,50,46.4,41,24,15.8,10,21,8.8,0,27.6,27.6,27.5,0
14,108,95.4,84,64,54.6,43,51,27.5,15,22,10.8,0,27.7,27.6,27.6,0
15,106,94.3,82,64,58,53,53,32,18,13,5.1,0,27.8,27.7,27.6,0
16,110,99.4,91,58,52.9,50,28,21.3,15,29,6.9,0,27.7,27.6,27.5,0
17,109,97.9,89,68,55.1,46,50,25.9,15,15,5.5,0,27.6,27.6,27.4,0
18,105,96.8,89,59,54.8,48,36,24.8,18,21,9.3,0,27.7,27.6,27.5,0
19,110,99.7,89,55,51.8,47,30,21,13,15,7.6,0,27.7,27.6,27.5,0
20,110,101.8,93,50,46.8,44,21,15.8,11,17,7.9,0,27.7,27.6,27.6,0
21,113,102.6,90,46,43,40,22,13.8,9,16,7.3,0,27.6,27.5,27.5,0
22,113,101.1,88,45,42,40,22,13.8,9,17,7.1,0,27.6,27.5,27.4,0
23,105,97.3,88,52,43.9,36,25,16.4,10,23,8.5,0,27.6,27.5,27.4,0
24,107,97.3,87,58,53.9,49,33,23.9,15,22,11.3,0,27.6,27.5,27.5,0
25,98,86.6,78,71,63.2,53,79,48.3,26,31,11.1,0,27.7,27.6,27.6,0
26,96,87.8,78,69,64,60,72,47,32,12,5.2,0,27.7,27.6,27.6,0
27,100,88.4,78,68,62.7,60,71,43.9,28,43,10.3,0,27.7,27.6,27.6,0
28,100,85.5,75,69,63.7,56,79,51.6,23,37,9.7,0,27.6,27.6,27.5,0
29,98,85.9,77,67,63.9,61,71,49.3,30,29,9.8,0,27.7,27.6,27.5,0
30,96,87.7,78,68,62.7,56,69,45.4,26,13,6.8,0,27.7,27.7,27.6,0
31,90,86.7,83,68,65.3,62,58,49,43,13,7.2,5,27.7,27.7,27.7,0
Aug,Max,Avg,Min,Max,Avg,Min,Max,Avg,Min,Max,Avg,Min,Max,Avg,Min,Total
1,98,88.3,80,67,63.8,59,64,45.1,30,15,7,0,27.8,27.7,27.6,0
2,103,93.7,84,63,60.3,57,49,34,22,9,5.4,0,27.7,27.6,27.6,0
3,106,96.8,87,59,56.3,52,36,26.7,17,10,4.9,0,27.6,27.6,27.5,0
4,94,90.3,83,68,59,55,60,36,27,25,10.6,0,27.6,27.6,27.5,0
5,95,86.2,76,70,63.9,56,79,50.1,27,21,8.7,0,27.7,27.6,27.6,0
6,102,93,81,63,56.1,47,52,31,16,17,7.8,3,27.7,27.6,27.5,0
7,105,95.3,83,54,50.5,47,34,22.7,15,12,4.3,0,27.7,27.6,27.6,0
8,103,95.4,86,60,55,50,32,26,20,18,7.4,0,27.7,27.6,27.6,0
9,96,91.7,87,63,59.6,58,44,34.4,29,17,9.2,0,27.7,27.6,27.6,0
10,95,89.3,82,66,62.3,57,58,41.3,28,15,6.1,0,27.8,27.7,27.7,0
11,100,88.9,79,65,61,57,62,40.4,25,37,9,0,27.8,27.7,27.6,0
12,98,87.6,80,69,64.3,59,69,47.7,27,25,5.9,0,27.7,27.7,27.6,0.81
13,90,84.8,80,69,66,64,69,53.9,42,6,2.9,0,27.8,27.7,27.6,0
14,97,89.4,82,67,62.9,58,60,42.4,28,21,5.5,0,27.7,27.6,27.6,0
15,97,87.4,80,63,59.8,56,54,40.5,25,35,10,0,27.7,27.6,27.5,0
16,101,91.6,81,61,57.3,54,50,32.6,21,22,7.4,0,27.6,27.6,27.5,0
17,104,94.3,84,60,58,55,43,30.3,20,15,5.2,0,27.6,27.6,27.5,0
18,98,91.6,79,67,61.1,58,66,37,28,18,7.4,0,27.6,27.6,27.5,0
19,102,90.6,79,64,57.8,51,56,35.4,19,12,5.4,0,27.6,27.5,27.4,0.03
20,100,91.6,83,65,58.7,52,54,34.5,21,18,6.4,0,27.6,27.5,27.5,0
21,104,93.3,85,66,59.9,52,51,34,18,21,6.3,0,27.7,27.6,27.6,0
22,105,94,83,64,58.6,51,49,32.4,16,12,5.9,0,27.7,27.6,27.5,0
23,108,95.8,83,62,53.4,44,41,25.5,12,10,4.3,0,27.6,27.5,27.4,0
24,102,92.9,88,57,54,47,35,27.2,18,23,10,0,27.7,27.6,27.5,0
25,98,90,81,64,57.8,52,56,35.3,23,15,6.8,0,27.7,27.7,27.6,0
26,102,93.9,84,56,53.2,48,37,25.8,16,9,4.5,0,27.7,27.6,27.5,0
27,105,94.3,83,59,45.8,34,41,22,9,16,7,0,27.6,27.5,27.4,0
28,104,93.7,81,56,48.4,39,29,21.7,14,18,9.3,0,27.5,27.5,27.4,0
29,104,94.6,84,61,55.2,51,41,27.5,18,8,3.9,0,27.6,27.6,27.5,0
30,109,97.8,87,54,47.7,40,32,19.5,11,9,4.3,0,27.7,27.6,27.6,0
31,110,99.2,88,47,41.1,32,22,14.5,7,15,6.8,0,27.7,27.6,27.5,0
Sep,Max,Avg,Min,Max,Avg,Min,Max,Avg,Min,Max,Avg,Min,Max,Avg,Min,Total
1,111,99.1,89,44,41.5,39,19,14.1,10,12,6,0,27.6,27.5,27.4,0
2,109,97.5,86,58,49.9,40,27,20.4,12,15,5.9,0,27.6,27.5,27.5,0
3,108,97.3,85,55,52.4,49,32,22.6,14,10,5.5,0,27.7,27.6,27.6,0
4,109,97.8,86,55,52.3,50,30,22.1,15,13,5.4,0,27.7,27.6,27.5,0
5,109,97.5,86,53,47.8,36,31,19.8,11,9,4.4,0,27.6,27.6,27.5,0
6,111,100.1,88,46,40.7,36,19,13.3,9,15,6.1,0,27.6,27.6,27.5,0
7,107,97.8,87,55,51.6,47,27,21.3,16,9,5.7,0,27.7,27.7,27.6,0
8,105,95.3,88,55,52,46,32,23.3,15,25,7.8,0,27.6,27.5,27.4,0
9,97,91.3,86,59,53.6,51,37,27.8,24,17,8.2,0,27.5,27.4,27.4,0
10,87,81.8,75,68,61.1,56,79,50.1,39,15,8.4,0,27.7,27.6,27.5,0
11,95,85.5,73,59,54.3,49,61,36.8,21,9,3.2,0,27.8,27.7,27.6,0.03
12,87,81.3,71,67,58.4,50,84,48,31,22,8.2,0,27.8,27.7,27.6,0
13,92,83.1,73,63,57.6,52,69,42.9,27,17,8.7,0,27.6,27.5,27.4,0.08
14,88,77.7,67,62,57.3,42,79,52.4,20,13,7.4,3,27.6,27.6,27.5,0.04
15,93,86.5,78,59,47.3,35,52,27.1,18,17,9,0,27.6,27.6,27.5,0
16,92,82.6,69,44,38.8,35,32,21.4,17,14,5.8,0,27.6,27.6,27.5,0
17,94,82.3,69,42,35.4,24,38,20.8,9,18,8.4,0,27.5,27.4,27.3,0
18,95,83,72,41,31.5,23,29,16.9,8,21,8.8,0,27.5,27.4,27.4,0
19,96,83.5,68,39,31.3,23,23,15.8,9,15,7.1,0,27.6,27.5,27.5,0
20,96,84.9,72,39,36.6,33,29,18.8,12,22,10.2,0,27.6,27.5,27.5,0
21,94,83.6,72,48,37.3,28,33,20.3,10,26,10.2,0,27.6,27.6,27.5,0
22,94,81.9,70,34,27.3,14,26,15.3,5,15,6.7,3,27.7,27.6,27.6,0
23,95,82.8,72,34,26.6,20,20,13,8,14,7.6,0,27.8,27.7,27.6,0
24,97,84.9,72,39,32,25,26,15.7,8,8,3.8,0,27.8,27.7,27.7,0
25,97,85.5,74,37,30.3,23,26,15,8,9,4.5,0,27.8,27.7,27.7,0
26,99,85.3,72,34,28.8,27,20,13.6,8,9,4.1,0,27.8,27.7,27.6,0
27,99,86.8,73,45,36.4,30,24,17.2,10,9,4.7,0,27.7,27.7,27.6,0
28,91,81.6,76,61,54.8,45,58,41,26,16,6.5,0,27.8,27.7,27.7,0
29,96,84.8,73,55,50.4,36,53,33.1,13,12,5,0,27.7,27.6,27.6,0.04
30,96,85.3,72,53,40.5,32,49,23.7,11,14,5.5,0,27.6,27.5,27.4,0
Oct,Max,Avg,Min,Max,Avg,Min,Max,Avg,Min,Max,Avg,Min,Max,Avg,Min,Total
1,94,83.4,72,42,36,31,28,18.9,12,13,5.5,0,27.6,27.5,27.5,0
2,94,83.7,71,56,46.1,40,42,27.9,18,12,6.2,0,27.6,27.6,27.6,0
3,92,82.7,70,52,47.2,42,39,29.5,21,14,4.9,0,27.7,27.6,27.6,0
4,91,82.1,74,50,44.7,36,37,27.7,15,8,4.1,0,27.7,27.7,27.6,0
5,93,81,69,45,38.8,34,39,23.9,13,7,3.6,0,27.8,27.7,27.7,0
6,92,80.6,69,39,36.1,33,32,21.2,12,9,4.8,0,27.8,27.8,27.7,0
7,92,80.8,69,43,38.4,34,34,22.6,14,15,5.6,0,27.8,27.8,27.7,0
8,91,80.6,69,44,40.4,37,35,24.5,16,7,3,0,27.8,27.8,27.7,0
9,89,79,69,49,44.8,40,45,30.8,20,9,4,0,27.8,27.7,27.7,0
10,89,78.5,68,46,40.1,34,39,26.2,17,10,5,0,27.7,27.7,27.6,0
11,91,79.3,68,39,36.8,33,32,22.4,13,9,4.4,0,27.7,27.6,27.6,0
12,90,79.6,69,34,30.9,28,25,17.6,12,16,5.1,0,27.8,27.7,27.7,0
13,91,79.3,69,32,28.2,26,25,16.2,10,12,4.5,0,27.8,27.7,27.6,0
14,90,78.8,68,33,27.8,25,23,16.2,10,12,4.5,0,27.6,27.6,27.5,0
15,87,74.9,66,52,38.8,25,53,29.2,11,21,6.6,0,27.6,27.6,27.5,0
16,84,73,65,53,46.9,37,63,42.3,20,7,2.8,0,27.7,27.7,27.6,0
17,86,74.8,63,49,42,34,54,34,17,10,4.5,0,27.8,27.7,27.7,0
18,87,78.6,67,37,32.5,28,33,19.5,13,8,3.8,0,27.8,27.8,27.8,0
19,88,75.5,64,35,31,27,34,21,11,16,5.5,0,27.9,27.8,27.8,0
20,86,74.8,62,35,29.6,25,29,19.6,13,10,3.6,0,27.8,27.7,27.6,0
21,86,74.4,60,34,31.1,28,33,21.3,14,14,5.3,0,27.7,27.6,27.4,0
22,84,75,63,43,34.3,26,41,23.8,12,35,17.6,3,27.4,27.3,27.1,0
23,66,59.7,54,47,21.3,12,77,25.3,13,25,15.5,5,27.8,27.5,27.3,0
24,65,57.2,51,20,16.1,12,28,20.5,13,18,9.2,0,27.9,27.9,27.8,0
25,69,58.6,48,24,18,16,31,21.6,13,6,3.3,0,27.9,27.8,27.6,0
26,73,62.3,50,23,19.4,13,31,19.9,13,20,6.2,0,27.7,27.6,27.5,0
27,67,59.6,53,17,13,10,24,16.3,11,25,7.3,0,27.9,27.8,27.6,0
28,69,58,47,22,18,14,35,22.4,12,10,4.6,0,28,27.9,27.8,0
29,75,62.6,50,20,15.5,13,25,16.9,9,10,4.9,0,27.9,27.8,27.8,0
30,79,66.3,55,20,16.8,13,23,15.5,10,14,6.1,0,27.8,27.7,27.7,0
31,76,64.8,55,26,21.8,19,28,20.2,12,8,3,0,27.7,27.7,27.6,0
Nov,Max,Avg,Min,Max,Avg,Min,Max,Avg,Min,Max,Avg,Min,Max,Avg,Min,Total
1,80,69,59,35,24.9,18,31,20.5,10,24,10.1,0,27.6,27.5,27.4,0
2,66,60.9,53,39,29.7,18,46,32.2,16,25,15.8,5,27.6,27.5,27.5,0
3,57,51.4,47,34,28.6,17,61,42.6,29,24,13.7,3,27.8,27.6,27.5,0
4,61,52.6,45,20,15.9,14,32,24,17,15,8.3,3,27.9,27.9,27.8,0
5,64,53.5,42,26,22.2,20,45,30.5,20,6,3.3,0,27.8,27.7,27.6,0
6,71,60.2,47,33,26.9,24,44,29.3,19,20,8.2,0,27.6,27.5,27.4,0
7,74,67.4,62,42,39.1,32,48,36,26,24,15.4,9,27.5,27.5,27.5,0
8,66,59.4,53,51,42,33,75,53.8,40,28,14.1,0,27.6,27.4,27.3,0
9,61,54.2,50,36,27.4,19,59,36.9,20,17,11.8,6,27.8,27.6,27.5,0.11
10,61,53.2,47,27,20,8,46,28.6,13,18,10.3,3,27.9,27.8,27.8,0
11,57,49.1,44,24,17.5,11,45,29.9,17,15,5.8,0,27.9,27.9,27.8,0
12,60,48.7,38,25,20.7,18,51,34.9,20,9,5.4,0,27.8,27.7,27.6,0
13,58,50.8,43,27,24.5,22,49,36.6,27,25,12,3,27.8,27.6,27.6,0
14,58,50.2,43,24,21.1,20,42,32.8,23,20,5.6,0,27.9,27.8,27.8,0
15,61,51.5,42,22,16.5,8,45,27.1,14,21,9.7,3,28.1,27.9,27.9,0
16,62,52.5,45,18,12.4,8,34,21.4,14,20,9.2,0,28.2,28.1,28,0
17,61,49.7,39,23,18.8,17,41,31,19,7,3.7,0,28,27.9,27.8,0
18,62,50.9,41,19,17.3,10,40,27.5,17,20,6.7,0,27.9,27.8,27.7,0
19,59,49.4,42,9,4.8,1,24,16.6,11,22,12.2,6,28,27.9,27.9,0
20,63,49.9,38,13,8.4,5,29,20,11,12,4.8,0,28,27.9,27.9,0
21,61,48,35,16,12.1,9,39,25.3,13,7,3.3,0,27.9,27.9,27.8,0
22,63,50,39,17,13.5,9,38,24.8,13,10,3.8,0,27.9,27.8,27.8,0
23,71,55.7,41,16,12.5,7,32,19.7,11,21,7.7,0,27.9,27.8,27.7,0
24,65,57.5,51,14,11.9,9,22,16.8,12,20,12.6,7,28.1,28,28,0
25,62,51.6,42,17,11.8,7,34,21.7,12,8,3.7,0,28.1,28,27.9,0
26,58,49.2,39,24,15,12,39,26.5,17,12,4,0,27.9,27.8,27.7,0
27,59,51,42,26,24.4,23,49,36.3,26,21,4.8,0,27.9,27.8,27.6,0
28,59,49.7,42,27,24.5,22,53,38.4,25,9,3.4,0,27.6,27.5,27.4,0
29,56,48.5,39,22,16.4,12,42,29,19,9,5.8,0,27.8,27.7,27.4,0
30,56,45.3,35,18,15.5,12,46,32.2,18,8,3.4,0,27.8,27.7,27.6,0
Dec,Max,Avg,Min,Max,Avg,Min,Max,Avg,Min,Max,Avg,Min,Max,Avg,Min,Total
1,63,50.6,37,35,25.3,17,51,38.2,24,24,9.3,0,27.6,27.6,27.5,0
2,62,56.8,49,37,35,33,59,44.4,36,32,8.8,0,27.8,27.7,27.5,0
3,63,54.6,47,35,32.7,29,56,44.3,31,9,2.8,0,27.9,27.8,27.8,0
4,66,56,44,42,38.2,33,68,52.2,38,21,7.3,0,27.8,27.7,27.6,0
5,63,54.7,46,46,38,32,83,55.4,32,14,7.3,0,27.6,27.6,27.5,0
6,58,49.4,41,37,32.8,31,67,53.7,39,8,3,0,27.7,27.7,27.6,0
7,57,48.3,41,33,31.3,29,67,53.2,36,14,4.4,0,27.9,27.8,27.7,0
8,56,45.7,36,31,27.8,25,70,51.3,34,9,3.2,0,28,27.9,27.8,0
9,56,46,38,28,26.5,24,65,48,30,6,1.8,0,27.9,27.8,27.8,0
10,58,48.8,39,27,24.8,21,60,41.4,27,13,6.2,0,27.8,27.7,27.6,0
11,56,49,40,44,27.3,21,77,44.4,30,24,8.7,0,27.6,27.5,27.4,0
12,50,42.5,35,28,24.6,22,67,50.5,33,8,4.6,0,27.5,27.5,27.4,0.09
13,52,45.6,40,29,22.8,19,60,41.9,27,20,11.2,3,27.8,27.7,27.5,0
14,54,44.3,36,23,20.5,16,57,40.6,23,15,6.8,0,27.9,27.8,27.8,0
15,56,44.4,34,22,20.8,20,56,40.6,25,10,5,0,27.9,27.9,27.8,0
16,51,41.8,32,22,17.5,13,61,40,23,7,3.2,0,28,27.9,27.9,0
17,50,39.2,29,19,16,13,58,41,24,6,2.8,0,27.9,27.8,27.7,0
18,51,40.3,31,18,15.3,12,54,38.3,21,7,3,0,27.8,27.7,27.7,0
19,52,40.9,30,20,16.4,13,59,39.5,21,7,3,0,28,27.9,27.8,0
20,56,45,37,21,17.9,15,50,35.7,21,6,2.6,0,28,27.9,27.9,0
21,59,47.9,38,24,19.8,15,45,33.8,21,12,5.2,0,27.9,27.8,27.8,0
22,59,48.8,39,29,25,21,51,40.4,28,7,1.8,0,27.8,27.8,27.8,0
23,62,50.8,42,29,26.5,23,60,40.9,23,7,3.5,0,27.9,27.9,27.8,0
24,66,52.6,41,29,25.8,23,49,36.8,22,10,4,0,28.1,28,27.9,0
25,68,55.2,45,31,28.4,27,49,37,23,10,4.4,0,28,28,27.9,0
26,66,54.8,44,33,31,29,58,41.6,28,6,3,0,27.9,27.9,27.7,0
27,70,58,50,45,34.7,25,62,43.5,18,22,9.3,0,27.7,27.5,27.4,0
28,64,56.1,48,44,25.9,9,74,38.2,14,23,10.8,3,27.6,27.5,27.4,0
29,56,48,43,30,21.1,13,51,35.1,27,10,4.6,0,27.7,27.6,27.6,0
30,52,48.2,40,44,35,26,80,60.8,50,9,5.1,0,27.7,27.7,27.6,0
31,64,55,46,47,43.1,41,86,66.2,45,23,10,0,27.6,27.5,27.4,0
2023,,,,,,,,,,,,,,,,
Jan,Max,Avg,Min,Max,Avg,Min,Max,Avg,Min,Max,Avg,Min,Max,Avg,Min,Total
1,59,53.1,48,48,38.2,26,83,58.6,42,28,16.3,6,27.4,27.3,27.2,0.17
2,53,48.2,43,35,24.3,21,68,40.1,30,17,6.8,0,27.6,27.5,27.4,0.02
3,53,47,42,38,36,32,82,66.9,45,9,4.2,0,27.8,27.7,27.6,0.01
4,51,48.2,43,43,39.7,37,83,72.5,61,8,4.9,0,27.9,27.8,27.8,0
5,53,49.3,46,48,42.8,39,86,78.5,61,14,5.9,0,27.8,27.7,27.6,0
6,60,48.5,40,39,36.1,27,83,64.7,28,13,6.6,3,27.9,27.9,27.7,0.1
7,55,46.5,38,38,35.1,32,82,65.8,47,8,3.9,0,27.9,27.9,27.9,0
8,57,48.2,39,37,35.4,33,79,62.7,44,12,3.8,0,27.9,27.8,27.8,0
9,57,51.7,48,43,38,35,74,60.1,44,10,3.4,0,27.8,27.7,27.7,0
10,61,52.4,49,47,37.1,29,83,57,41,28,12,0,27.7,27.6,27.5,0.05
11,56,47.3,39,36,32.1,29,73,56.8,38,9,4.1,0,28,27.9,27.7,0.13
12,58,48.1,38,35,32.5,30,76,56.8,35,7,2.9,0,28.1,28,27.9,0
13,58,49.4,41,34,31.8,28,67,52.3,32,8,3.4,0,27.9,27.8,27.7,0
14,55,48.7,43,45,37.3,33,83,65.9,49,13,6,0,27.7,27.5,27.4,0
15,57,52.3,47,40,34,29,77,50.9,38,22,12.5,0,27.4,27.4,27.3,0.13
16,60,52.1,46,45,36.3,23,93,59.4,28,31,12.3,0,27.4,27.3,27.2,0.03
17,53,49.1,45,32,27.9,19,58,44.7,31,22,14.7,7,27.6,27.4,27.3,0.05
18,53,45.5,38,27,20.5,18,65,38.5,25,16,8.1,0,27.8,27.8,27.6,0
19,49,42.3,35,30,25.7,21,70,53,38,21,6.3,0,27.8,27.7,27.7,0
20,52,46,41,24,18.6,16,51,34.4,25,28,17,8,28,27.9,27.7,0
21,52,43.8,38,21,17.5,13,51,36.4,21,17,6.9,0,28,28,27.9,0
22,54,42,32,21,15,6,61,36.4,17,23,10.8,0,27.8,27.7,27.6,0
23,55,47.4,41,18,14.5,11,33,27,22,28,18.9,10,27.9,27.7,27.6,0
24,60,49.3,40,18,16.4,14,40,28,16,22,11.4,0,28,28,27.9,0
25,59,48.8,39,22,18.9,16,43,31.3,21,16,7.8,0,28.1,28,28,0
26,59,48.9,41,24,20.3,16,47,33.6,19,20,6.8,0,28.2,28.1,28,0
27,57,46.3,37,25,22.2,20,53,39.7,26,10,3.8,0,28,27.8,27.6,0
28,57,46,36,25,24.1,23,62,44.1,27,6,2.6,0,27.7,27.6,27.6,0
29,59,49.1,37,38,26.4,23,66,43,27,17,7.5,0,27.5,27.5,27.4,0
30,48,43.6,39,41,32.2,16,86,65.6,39,20,7.8,0,27.8,27.7,27.5,0.1
31,51,42.4,34,13,5.2,0,36,22.6,12,24,11.3,0,27.9,27.9,27.8,0.04
Feb,Max,Avg,Min,Max,Avg,Min,Max,Avg,Min,Max,Avg,Min,Max,Avg,Min,Total
1,55,44.2,33,23,15.8,11,49,33,22,8,4.7,0,28,27.9,27.9,0
2,59,47.3,35,25,23.3,21,61,41,23,6,3.2,0,28.1,28,28,0
3,61,50.8,40,27,25,22,58,38.4,24,10,4.4,0,28,27.9,27.9,0
4,62,51.1,40,29,26,24,55,39.5,24,7,3.1,0,27.9,27.8,27.8,0
5,66,55,43,38,27.5,16,53,37.4,15,26,10.5,0,27.8,27.7,27.6,0
6,60,54,49,27,20.6,18,38,27.6,20,29,17.6,6,28,27.8,27.7,0
7,61,52,45,22,20.3,19,37,29.3,20,20,10.6,0,28,28,27.9,0
8,64,52.7,42,27,24.5,23,49,34.8,22,9,3.3,0,28,27.9,27.9,0
9,60,51.5,42,20,12.4,3,38,22.6,11,17,7,0,28.1,28,27.9,0
10,60,48,35,16,11.2,3,46,25.2,11,10,3.7,0,28.1,27.9,27.7,0
11,63,52.2,44,16,12.5,10,31,21.4,13,13,5.7,0,27.7,27.6,27.5,0
12,68,56.6,44,19,15.5,12,37,21.5,12,16,8,0,27.6,27.6,27.5,0
13,64,56.1,47,29,20.3,14,44,26.2,17,15,5.3,0,27.6,27.5,27.4,0
14,52,43.6,38,34,21,0,82,45.4,16,45,15.3,0,27.5,27.4,27.3,0
15,55,44.5,36,11,4.5,-7,30,20.6,8,29,15.8,6,27.9,27.7,27.5,0.02
16,50,42.6,34,8,5.8,3,32,22.8,15,12,6.5,0,28,28,27.9,0
17,56,45.3,37,11,7.5,3,31,22.7,12,7,4.7,0,28,27.9,27.8,0
18,61,48.7,36,18,13.3,10,39,25.5,15,9,4.2,0,27.8,27.8,27.7,0
19,66,52,41,19,17,14,40,27,14,7,3.5,0,27.8,27.8,27.7,0
20,69,55.8,45,21,17.6,16,34,23.9,13,12,3.5,0,27.8,27.8,27.6,0
21,71,58.6,45,33,23.4,15,42,27.1,14,31,13.6,0,27.6,27.2,26.9,0
22,50,44.1,40,31,19,6,67,38.4,17,26,11.4,0,27.4,27.2,27,0
23,50,43.3,38,29,21.9,17,60,43.4,32,22,13,0,27.6,27.5,27.4,0
24,50,44.9,36,33,29,24,67,54.1,46,16,8.5,0,27.8,27.7,27.6,0
25,61,49.8,41,41,32.9,29,85,55.3,32,21,11.2,3,27.7,27.6,27.4,0
26,52,45.2,35,35,29.5,24,89,57.4,34,15,7,0,27.7,27.6,27.5,0.28
27,59,51,40,34,29.2,27,63,44.4,29,29,16.7,5,27.7,27.6,27.5,0
28,55,50.1,43,33,25.5,22,59,39.5,28,24,10.6,0,27.6,27.5,27.4,0
Mar,Max,Avg,Min,Max,Avg,Min,Max,Avg,Min,Max,Avg,Min,Max,Avg,Min,Total
1,50,45,39,37,30.9,21,82,59.8,32,22,13.1,3,27.4,27.3,27.3,0
2,58,49.4,43,27,19.4,13,53,32.3,18,29,15.4,3,27.7,27.6,27.4,0
3,58,48.6,37,29,23.9,21,62,39.8,24,9,3.6,0,27.7,27.6,27.6,0
4,65,53.4,42,32,26.3,16,65,38.7,16,28,13.3,0,27.6,27.5,27.4,0
5,60,52.8,47,30,25.5,21,43,35.1,27,28,18,10,27.6,27.5,27.5,0
6,58,49.7,0,30,23.6,0,50,34.3,0,22,12,0,27.7,27.7,27.6,0
7,60,51.4,42,26,23.3,20,49,34.5,21,12,5.6,0,27.8,27.7,27.6,0
8,63,51.6,41,25,19.9,6,49,31.6,11,28,7.1,0,27.7,27.7,27.6,0
9,66,55.5,41,22,17.8,14,40,24.5,15,18,6.6,0,27.8,27.7,27.6,0
10,69,65.1,62,52,40.8,18,63,42.9,17,24,16.7,3,27.6,27.5,27.5,0
11,75,65.9,57,46,39.4,31,62,39.7,23,25,13,0,27.6,27.5,27.5,0
12,59,57.5,56,39,39,39,53,50.5,48,6,3,0,27.6,27.6,27.6,0
13,72,62.5,53,36,32.2,29,45,33,22,12,5.3,0,27.7,27.7,27.6,0
14,66,60.8,57,49,42.2,35,67,51.4,33,20,11.4,7,27.6,27.6,27.6,0
15,69,60.5,53,46,43.1,40,71,53.4,36,38,14.2,0,27.6,27.5,27.4,0.02
16,63,55.4,49,43,24.3,12,69,32.8,14,18,8.2,0,27.7,27.7,27.6,0.02
17,64,54.5,45,26,20.7,14,44,28.5,15,13,6.5,0,27.8,27.8,27.7,0
18,64,55.5,46,24,17.8,8,41,24.5,11,15,5.1,0,27.9,27.8,27.8,0
19,60,53.5,50,42,29.5,19,71,43,25,20,4.5,0,27.8,27.6,27.5,0
20,67,56.8,49,41,37.1,29,74,51,25,20,8.2,0,27.5,27.5,27.4,0.01
21,59,53,48,45,40,32,89,63,37,25,11.8,5,27.4,27.4,27.3,0
22,61,53.4,46,38,28.5,17,71,41,20,24,16.8,10,27.7,27.6,27.4,0.18
23,60,53.4,45,39,33.9,25,74,50,27,14,5.1,0,27.8,27.7,27.7,0
24,64,54.4,45,35,23.8,12,66,35.2,18,30,15.4,7,27.8,27.7,27.7,0
25,58,52.2,47,20,13,9,34,21.5,15,15,8.6,0,27.8,27.7,27.6,0
26,58,51.4,45,21,14.8,4,35,24.3,14,21,9.2,0,27.9,27.7,27.7,0
27,58,49.1,40,15,5.8,-3,31,18.8,8,16,9.6,0,28,27.9,27.9,0
28,69,57.5,45,14,10.2,6,28,16.5,10,20,8.7,3,27.9,27.7,27.5,0
29,66,59.3,51,40,26.8,14,53,30.5,14,28,16.4,6,27.5,27.4,27.4,0
30,56,49.3,43,34,27.9,22,68,44.8,30,18,6.1,0,27.7,27.5,27.4,0.01
31,66,52.5,38,32,26.3,19,73,41.5,19,14,6,0,27.9,27.8,27.7,0
,,,,,,,,,,,,,,,,
Apr,Max,Avg,Min,Max,Avg,Min,Max,Avg,Min,Max,Avg,Min,Max,Avg,Min,Total
1,72,58.6,43,25,21.1,17,47,26,13,9,5.4,0,27.8,27.7,27.6,0
2,77,63.6,49,29,23.9,21,36,23.5,13,26,11.3,0,27.7,27.5,27.3,0
3,63,54.5,43,35,23.8,1,52,31.9,13,39,25.4,7,27.5,27.3,27.2,0
4,57,48.8,41,10,4.9,-4,28,17.8,9,26,18.2,8,27.8,27.6,27.5,0
5,59,49.7,40,12,8.2,4,32,19.8,12,15,7.6,0,27.9,27.8,27.8,0
6,66,54.9,42,16,11,7,34,19.1,10,13,4.6,0,27.9,27.8,27.7,0
7,75,61.5,47,22,17.3,14,32,19.4,10,16,6.3,0,27.7,27.7,27.6,0
8,78,67.3,53,34,29.3,18,37,24.8,19,13,4.8,0,27.7,27.7,27.6,0
9,85,71.9,57,33,29.8,22,37,22.5,10,12,5.7,0,27.9,27.8,27.8,0
10,90,75.4,59,32,27.7,20,35,19.3,9,10,4.1,0,27.8,27.7,27.6,0
11,93,77.5,60,31,28.8,24,31,18.4,9,15,7.1,0,27.7,27.6,27.5,0
12,84,77.1,69,37,29.3,19,28,18.3,9,21,14.5,6,27.5,27.4,27.2,0
13,78,70.9,64,32,23.2,12,29,17.6,10,23,12.3,0,27.3,27.3,27.2,0
14,74,66.5,57,20,13,8,16,12.7,8,15,7.3,0,27.6,27.5,27.3,0
15,79,67.6,56,21,14,11,20,13.5,8,9,4.8,0,27.8,27.8,27.6,0
16,84,71.5,57,23,20.4,19,26,15.5,9,13,5.1,0,27.8,27.7,27.6,0
17,86,73.5,59,29,20.4,11,28,15.3,6,26,12.6,0,27.6,27.4,27.3,0
18,79,69.8,61,23,18,10,23,14.8,8,30,16.4,3,27.4,27.4,27.3,0
19,70,62.7,56,15,7.8,1,18,12,7,23,15.1,3,27.8,27.6,27.4,0
20,74,64.7,54,19,9,4,20,11.6,9,15,8.4,0,27.9,27.8,27.8,0
21,88,71.5,56,32,23.3,17,25,17,11,15,4.3,0,27.9,27.8,27.6,0
22,82,75.2,68,33,30.2,28,26,19.5,14,13,6.8,0,27.7,27.6,27.5,0
23,86,74.8,63,33,30.9,29,31,20.7,13,14,7.1,0,27.6,27.5,27.4,0
24,91,78.5,68,37,28.7,14,32,18,6,16,8.8,3,27.6,27.5,27.4,0
25,81,75.1,69,23,16.4,11,17,11.2,7,24,13.5,5,27.7,27.6,27.4,0
26,85,73.1,60,27,24.8,22,27,17.3,11,13,4.1,0,27.8,27.7,27.6,0
27,92,77.9,63,26,22.2,16,23,13.6,6,12,5.4,0,27.7,27.6,27.5,0
28,90,81.2,73,28,22,15,17,11.7,6,21,8.9,0,27.7,27.7,27.6,0
29,96,81.5,65,28,23,19,23,12.8,6,10,5.7,0,27.8,27.7,27.6,0
30,97,83.5,67,26,23.5,20,21,11.9,6,18,7.9,0,27.6,27.5,27.4,0
May,Max,Avg,Min,Max,Avg,Min,Max,Avg,Min,Max,Avg,Min,Max,Avg,Min,Total
1,91,79.1,65,32,24.2,16,28,14.2,7,32,14.7,6,27.4,27.3,27.2,0
2,79,68.8,57,33,24.5,14,39,21.1,11,23,12.8,0,27.5,27.4,27.4,0
3,80,70.5,58,26,21.3,12,26,16.2,10,25,10.5,0,27.5,27.4,27.4,0
4,68,63.9,59,38,29.2,25,46,27.7,21,25,13,5,27.6,27.5,27.4,0
5,73,66.2,58,32,29,24,36,25.6,16,18,11.6,0,27.6,27.6,27.5,0
6,76,67.1,58,35,29.6,25,41,26.1,15,24,14.5,8,27.6,27.6,27.6,0
7,82,70.3,58,33,29.1,26,38,23,13,17,7.8,0,27.7,27.6,27.6,0
8,85,71.6,0,36,23,0,35,16.8,0,25,12.5,0,27.6,27.5,27.5,0
9,86,74.4,58,20,13.5,4,20,11,5,21,8.9,0,27.6,27.5,27.4,0
10,83,75.1,65,34,26.3,20,32,17.1,13,17,8,0,27.5,27.5,27.4,0
11,86,75.6,63,35,29.6,24,31,19.4,12,12,4.5,0,27.6,27.6,27.5,0
12,91,81.3,69,31,28.8,25,22,15.3,11,17,7.5,0,27.7,27.6,27.6,0
13,92,83.8,75,40,29.8,25,24,14.7,10,22,11.5,0,27.6,27.6,27.5,0
14,94,83.2,71,42,35.6,25,32,19.9,8,15,7,0,27.7,27.6,27.6,0
15,96,85.4,71,43,36.8,30,31,18.8,11,13,4.1,0,27.8,27.7,27.7,0
16,94,85.5,77,48,41.4,36,32,21.8,15,29,8.7,0,27.7,27.7,27.6,0
17,97,84.7,75,48,43.1,34,38,24.7,11,32,7.5,0,27.7,27.6,27.5,0
18,98,86,73,46,41.8,34,37,22.9,11,18,5.9,0,27.6,27.5,27.5,0
19,97,85.8,76,48,44.4,40,32,24,15,33,7.3,0,27.7,27.6,27.6,0
20,93,83,75,53,49.5,44,45,32.2,19,29,7,0,27.8,27.7,27.6,0
21,95,84.8,73,52,45.1,37,44,26.7,13,17,6,0,27.7,27.6,27.5,0
22,96,87.3,77,47,41.6,33,33,21.3,11,17,7.6,0,27.6,27.6,27.5,0
23,97,87.4,77,47,39.3,28,33,19.9,10,21,10,0,27.6,27.5,27.4,0
24,94,85.9,76,36,24.1,13,19,11.1,6,21,11.3,0,27.5,27.4,27.4,0
25,92,82.3,71,32,24.9,17,19,12.8,7,20,9.4,0,27.5,27.4,27.3,0
26,89,79.8,66,29,24.6,21,22,13.9,8,17,6.2,0,27.5,27.4,27.4,0
27,91,82,71,35,30,26,23,15.7,11,17,8.1,3,27.6,27.5,27.4,0
28,94,84.6,70,36,29.9,26,25,14.9,9,20,8.2,0,27.5,27.5,27.4,0
29,93,84.1,71,38,28.9,18,21,14.2,7,22,11.5,3,27.6,27.5,27.4,0
30,90,82.2,72,34,27.6,23,20,13.9,10,17,9.2,0,27.6,27.5,27.4,0
31,90,79.3,67,35,30.6,23,25,17.6,9,15,7.4,0,27.4,27.4,27.4,0
Jun,Max,Avg,Min,Max,Avg,Min,Max,Avg,Min,Max,Avg,Min,Max,Avg,Min,Total
1,91,82.1,69,40,36.2,32,31,20.1,12,15,8,0,27.5,27.4,27.4,0
2,94,85.3,74,44,36.7,30,32,18.9,11,14,7.1,0,27.6,27.5,27.5,0
3,97,86.8,73,37,33.9,32,25,15.8,10,10,4.8,0,27.6,27.5,27.5,0
4,98,88.5,78,38,34.9,30,21,15.3,10,15,6.7,0,27.6,27.5,27.4,0
5,100,89.2,77,41,31.8,18,27,14.4,7,23,9.3,0,27.5,27.4,27.3,0
6,92,83.7,74,32,24.7,13,21,12.5,7,21,10.6,3,27.5,27.4,27.4,0
7,82,76,71,45,35.5,15,37,24,10,18,7.5,0,27.6,27.6,27.5,0
8,88,79.3,69,46,41.2,37,42,27.2,17,13,8.8,0,27.6,27.6,27.5,0
9,93,83.2,73,40,37.1,32,29,20,14,18,7.4,0,27.6,27.6,27.5,0
10,93,83.9,73,38,33.5,28,26,17.1,11,16,7.9,0,27.6,27.5,27.4,0
11,87,78.8,72,46,36.3,27,38,22.6,12,22,11.8,3,27.5,27.4,27.4,0
12,86,77.4,71,49,44.4,40,41,31.9,20,20,7.2,0,27.6,27.6,27.5,0
13,92,82.6,71,48,43,38,43,26.4,15,14,5.5,0,27.6,27.6,27.5,0
14,93,84.8,74,49,42.7,39,32,23.3,15,25,9.3,0,27.6,27.5,27.4,0
15,97,86.6,79,51,46.1,41,35,25.3,15,20,7.6,0,27.6,27.5,27.4,0
16,83,74.2,63,59,53.5,49,81,51.3,31,26,10.2,0,27.7,27.6,27.6,0.01
17,98,84.1,67,57,48.3,38,66,33.7,13,16,4.9,0,27.7,27.6,27.5,0.45
18,99,90.2,81,49,42.5,35,31,20.1,11,23,16.1,0,27.5,27.4,27.3,0
19,95,86.7,78,47,42.7,34,33,22.1,16,29,18.9,8,27.5,27.4,27.4,0
20,93,82,73,32,19.5,11,18,10.8,5,22,9.4,0,27.6,27.5,27.5,0
21,96,83.8,69,29,17.2,7,18,9.6,4,17,7,0,27.6,27.5,27.5,0
22,95,83.1,69,29,17.6,8,18,9.8,4,18,8.9,0,27.5,27.5,27.4,0
23,91,80.1,68,31,25.5,15,24,14.6,6,17,8.7,0,27.6,27.6,27.4,0
24,96,84.1,70,28,20.3,12,19,10.7,5,15,7.7,0,27.7,27.6,27.6,0
25,98,85.7,70,28,18.8,8,21,10,4,17,9.3,0,27.6,27.6,27.5,0
26,97,86.5,72,33,24.8,18,20,11.3,6,23,9.2,0,27.6,27.5,27.4,0
27,98,87.1,75,37,27.3,18,23,12.6,6,12,6.6,0,27.5,27.5,27.4,0
28,97,86.7,73,38,26.3,20,20,11.9,7,15,6.8,0,27.5,27.5,27.4,0
29,99,90.3,79,39,34.2,23,22,14.2,9,15,7.1,0,27.6,27.5,27.5,0
30,103,92.7,80,42,37.2,34,21,14.8,10,10,4.4,0,27.7,27.6,27.5,0
Jul,Max,Avg,Min,Max,Avg,Min,Max,Avg,Min,Max,Avg,Min,Max,Avg,Min,Total
1,108,96.2,82,42,38.3,36,23,14.2,9,8,4.7,0,27.7,27.6,27.5,0
2,111,99.9,83,42,34.8,29,21,11.5,6,9,3.5,0,27.6,27.5,27.4,0
3,113,100.5,85,38,34.2,30,18,10.5,6,17,8.6,0,27.6,27.5,27.4,0
4,104,95.9,83,37,26.3,6,19,9.6,3,23,10.2,0,27.5,27.5,27.4,0
5,106,93.3,78,34,27.6,21,19,10.5,5,17,8.3,0,27.6,27.5,27.5,0
6,105,92.8,77,30,23.3,17,17,8.9,5,14,6.7,0,27.6,27.5,27.4,0
7,103,91.1,75,34,29.3,24,18,11.5,7,16,7.6,0,27.5,27.4,27.4,0
8,105,91.8,75,32,24.7,18,18,9.9,5,18,7,0,27.5,27.5,27.4,0
9,106,94,78,36,29.7,24,17,10.8,7,26,9.3,0,27.6,27.5,27.5,0
10,106,94.7,80,40,35.9,29,21,13.1,9,18,9.4,0,27.6,27.6,27.5,0
11,109,98.1,82,45,39.5,32,20,13.5,10,20,10.2,0,27.6,27.6,27.5,0
12,108,99,89,51,48.8,40,25,18.6,14,23,14.3,7,27.6,27.6,27.5,0
13,110,98.3,84,47,37,23,25,13.5,5,15,6,0,27.6,27.5,27.5,0
14,111,99.4,86,34,29.8,27,15,9.2,6,10,5,0,27.6,27.5,27.5,0
15,114,101.5,87,39,32,26,15,9.4,5,8,3.5,0,27.6,27.6,27.5,0
16,116,103.8,89,42,35.6,29,15,9.8,6,14,6.7,0,27.6,27.6,27.5,0
17,114,104.1,89,55,48.1,42,22,15.7,10,28,12,0,27.6,27.6,27.5,0
18,112,103.1,91,54,50,44,26,17.5,11,23,11.1,0,27.6,27.6,27.5,0
19,111,101.7,91,54,49.5,46,26,17.8,12,18,8.7,0,27.7,27.6,27.5,0
20,112,102.1,91,53,47.5,38,26,16.8,9,10,6.3,0,27.7,27.6,27.5,0
21,114,104,93,45,41.8,37,18,12.5,8,9,4.6,0,27.6,27.6,27.5,0
22,115,103.8,91,46,42.6,39,20,13,8,21,7.1,0,27.6,27.5,27.5,0
23,111,101.1,90,63,49.7,43,37,18.7,11,21,9.1,0,27.6,27.6,27.5,0
24,110,99.9,88,61,50.8,43,36,21,11,17,7.1,0,27.7,27.6,27.6,0
25,112,101.4,89,49,44.5,39,24,15.2,9,17,5.5,0,27.7,27.6,27.6,0
26,113,103.7,90,47,44.3,39,21,13.8,10,18,9.2,0,27.6,27.6,27.5,0
27,113,102,90,41,33.2,26,18,9.9,5,18,9.7,0,27.6,27.6,27.5,0
28,113,100.6,87,41,37,31,15,11.4,8,20,8,0,27.6,27.6,27.5,0
29,111,101.6,90,48,43.7,40,24,14.4,10,16,6.6,0,27.7,27.6,27.6,0
30,109,97.8,88,54,49.5,44,26,19.7,12,31,9.4,0,27.6,27.6,27.6,0
31,102,94.6,83,61,54.9,45,47,27,15,28,8.4,0,27.7,27.6,27.6,0
Aug,Max,Avg,Min,Max,Avg,Min,Max,Avg,Min,Max,Avg,Min,Max,Avg,Min,Total
1,95,84.2,78,68,62.4,59,66,49.3,31,24,9.7,0,27.8,27.7,27.6,0
2,94,84.3,75,71,64.4,60,77,52.8,34,17,7.9,0,27.7,27.7,27.6,0.28
3,104,91.7,80,61,46.8,27,52,27.1,7,14,6.9,0,27.7,27.6,27.5,0.01
4,104,93,77,40,32.4,25,26,12.5,8,12,6.5,0,27.6,27.6,27.5,0
5,108,94.7,79,41,29.6,20,26,11.6,4,17,7,0,27.6,27.6,27.5,0
6,109,95.5,79,35,23.2,9,20,8.9,3,17,8.1,0,27.6,27.6,27.5,0
7,107,94.3,78,35,20.7,9,17,8.5,3,25,11,0,27.7,27.6,27.5,0
8,104,93.6,80,36,28.3,16,18,10.5,6,18,10.7,0,27.7,27.6,27.5,0
9,102,93.7,83,52,38.8,28,24,15.2,11,18,11.2,0,27.6,27.5,27.5,0
10,94,87.9,77,67,58.8,51,71,39.3,25,20,9.9,0,27.6,27.6,27.5,0
11,101,91.5,81,60,55.3,47,47,30.7,20,14,5.7,0,27.6,27.6,27.5,0.08
12,102,92.4,80,54,49.1,44,39,23.9,14,16,6.2,0,27.7,27.6,27.6,0
13,101,91,81,52,48.1,44,36,23.5,15,25,7.1,0,27.7,27.6,27.6,0
14,104,93.1,81,51,45.1,37,33,20.6,10,10,4.3,0,27.7,27.7,27.6,0
15,104,96.9,89,59,48.7,40,33,19.9,16,13,7.2,0,27.7,27.7,27.6,0
16,102,94.9,87,58,55.4,50,37,27,19,12,5.6,0,27.7,27.6,27.6,0
17,106,101.5,94,53,46.5,40,20,15.8,12,21,6.5,0,27.6,27.5,27.5,0
18,97,85.6,74,70,55.3,35,73,40.2,14,31,9.4,0,27.7,27.6,27.5,0
19,81,74.3,70,67,63.4,60,84,69.1,49,15,6.1,0,27.8,27.7,27.6,0.14
20,78,72.2,69,69,66.7,64,93,83,66,22,7.2,0,27.6,27.6,27.4,0.42
21,84,76.1,73,67,61.2,52,79,61.7,33,22,13.2,0,27.8,27.7,27.6,0.42
22,92,83.4,73,63,57.9,51,68,43.9,25,13,4.5,0,27.7,27.7,27.6,0
23,99,89.2,80,64,56.6,53,48,33.8,23,20,8,0,27.7,27.6,27.5,0
24,97,90.1,80,67,59.2,56,62,36.6,25,20,5.6,0,27.7,27.6,27.6,0.05
25,102,92.4,82,62,56.2,46,51,31.5,18,15,5.5,0,27.7,27.6,27.6,0
26,104,94,80,51,43.4,32,36,19.2,10,16,6.1,0,27.7,27.6,27.6,0
27,106,94.4,81,45,39.8,34,28,15.6,10,17,7,0,27.7,27.6,27.6,0
28,106,95.7,84,40,37.7,34,20,13.7,9,15,8,0,27.7,27.6,27.6,0
29,109,97.4,83,43,37.2,28,24,13.5,6,16,9,3,27.6,27.6,27.5,0
30,109,96.4,81,46,41.9,37,29,16.3,9,15,5.9,0,27.6,27.5,27.5,0
31,107,96.8,82,54,45,38,26,17.4,13,28,10.7,0,27.5,27.5,27.4,0
Sep,Max,Avg,Min,Max,Avg,Min,Max,Avg,Min,Max,Avg,Min,Max,Avg,Min,Total
1,91,74.4,64,69,64.4,46,91,74.5,21,33,11.4,0,27.7,27.6,27.4,0
2,82,74.7,71,70,66.7,64,85,76.2,58,14,5.5,0,27.8,27.7,27.7,1.52
3,93,81.6,72,69,60.1,41,87,53.5,23,22,8.8,0,27.7,27.6,27.5,0.08
4,90,79.8,70,52,46,40,46,31.7,17,21,8.7,0,27.6,27.6,27.5,0
5,92,82,71,52,46.4,37,49,30.8,16,13,4.9,0,27.6,27.6,27.6,0
6,96,84.5,72,50,44.8,37,44,26.7,14,15,5.3,0,27.7,27.6,27.6,0
7,91,78.6,72,50,47.2,43,46,34.2,20,8,4.8,0,27.7,27.7,27.6,0
8,102,93.4,74,48,43.4,39,37,18.7,13,12,5.9,0,27.8,27.7,27.6,0
9,103,91.9,79,51,48.5,46,35,23.5,15,9,3.8,0,27.8,27.7,27.6,0
10,90,85.8,80,56,53.1,49,43,32.8,25,23,8.6,0,27.8,27.7,27.7,0
11,94,84.9,74,57,54.2,50,55,36.6,22,8,3.3,0,27.7,27.6,27.6,0
12,95,87.6,81,58,54.3,52,41,32.4,23,16,7.7,0,27.6,27.6,27.5,0
13,93,85.1,76,57,54,49,52,35.2,22,16,6.3,0,27.6,27.6,27.5,0
14,88,82,75,57,52.1,48,51,36,26,12,4,0,27.7,27.6,27.6,0
15,94,83.1,72,52,45,36,48,28.8,13,16,6.1,0,27.7,27.7,27.6,0
16,95,85,73,46,44,42,38,24.8,17,12,4.2,0,27.7,27.7,27.6,0
17,98,86.6,74,48,44,40,38,24,13,7,4.5,0,27.7,27.6,27.6,0
18,95,84.4,72,47,39.6,28,38,22.4,10,12,6.6,0,27.6,27.6,27.5,0
19,93,83.1,71,44,40.7,38,34,22.9,15,13,5.8,0,27.6,27.6,27.5,0
20,88,77.7,70,58,47,41,53,34.8,20,21,8.7,0,27.5,27.5,27.4,0
21,87,77,66,51,39.2,21,53,29.4,10,24,11.1,0,27.5,27.5,27.4,0.02
22,88,77.7,66,39,31.6,22,32,20.2,9,16,7.8,0,27.7,27.6,27.5,0
23,84,76.6,70,48,39.3,27,40,26.7,16,14,6.4,0,27.7,27.7,27.6,0
24,90,77,65,48,45,39,52,34.2,18,8,4.3,0,27.8,27.7,27.7,0
25,93,80,68,45,41.3,38,43,27.3,15,12,4.5,0,27.8,27.7,27.6,0
26,93,81.3,68,42,34.7,26,35,20.4,9,9,4,0,27.7,27.7,27.6,0
27,95,81.6,68,36,29.5,21,30,16.6,8,15,4.9,0,27.6,27.6,27.5,0
28,95,81.2,66,34,31.8,29,29,17.8,10,16,6.7,0,27.6,27.5,27.4,0
29,95,81.2,66,39,34.6,30,36,20.2,10,16,9.1,0,27.5,27.4,27.4,0
30,77,72.3,67,44,40.8,33,40,32.5,20,20,12.8,6,27.4,27.4,27.4,0
Oct,Max,Avg,Min,Max,Avg,Min,Max,Avg,Min,Max,Avg,Min,Max,Avg,Min,Total
1,75,67.1,58,45,40.9,38,60,39.7,27,15,7,0,27.6,27.5,27.4,0
2,74,67.4,58,43,39.2,37,53,36.8,26,10,4,0,27.7,27.6,27.6,0.01
3,79,70,60,41,39.9,38,49,34.6,23,14,7.5,0,27.7,27.7,27.6,0
4,87,76.4,67,42,39.8,37,39,27.8,17,16,7.5,0,27.8,27.7,27.7,0
5,88,78,67,40,37.7,35,35,24.3,16,13,7,0,27.9,27.8,27.7,0
6,92,80.4,72,39,36.9,33,28,21.9,12,13,6.8,0,27.8,27.7,27.7,0
7,93,80.5,69,40,38,34,33,22.9,13,10,4.5,0,27.7,27.7,27.6,0
8,94,81.2,68,40,37,33,36,21.7,12,9,4.2,0,27.7,27.6,27.6,0
9,94,82.1,68,41,35.9,30,35,20.5,11,15,6,0,27.6,27.5,27.4,0
10,90,81.8,74,38,34.8,31,25,18.8,13,18,11.2,0,27.4,27.3,27.2,0
11,85,75.3,66,42,32.2,15,36,22.3,10,23,13.9,3,27.4,27.3,27.2,0
12,77,68.8,62,28,26.5,24,26,20.9,15,18,9.2,0,27.6,27.6,27.4,0
13,76,67.5,58,31,28,23,33,23.9,14,7,3.8,0,27.7,27.7,27.6,0
14,80,67.6,55,32,28.6,24,40,24.8,13,7,3.2,0,27.8,27.8,27.7,0
15,87,72.4,58,33,29.3,26,35,21.8,11,8,4,0,27.9,27.8,27.8,0
16,90,75.5,62,35,30.9,28,33,20.8,11,8,4.6,0,27.8,27.7,27.7,0
17,90,76.5,64,37,33,27,35,22.2,11,10,3.9,0,27.7,27.6,27.6,0
18,94,79.9,67,35,30,27,25,17.1,10,13,5,0,27.8,27.7,27.7,0
19,93,79.3,68,38,33.9,31,27,20.1,12,9,4.3,0,27.8,27.7,27.7,0
20,93,79.8,67,37,33.8,32,31,20,11,12,4.4,0,27.7,27.6,27.6,0
21,93,79.5,67,36,34.1,31,31,20.2,13,8,5.1,0,27.6,27.5,27.4,0
22,90,76.3,64,40,33.8,22,37,23.2,8,23,10,0,27.5,27.4,27.3,0
23,78,70.7,63,42,38.8,32,43,32,22,20,7.5,0,27.4,27.4,27.3,0
24,81,70.5,60,36,33.3,30,37,26.1,16,12,6.1,0,27.6,27.5,27.5,0
25,83,71.4,58,37,34.9,33,41,27.7,17,20,11.1,0,27.6,27.5,27.5,0
26,78,69.7,60,42,39.3,36,46,33.7,24,18,6.5,0,27.6,27.6,27.5,0
27,75,66.4,55,38,34.8,30,49,31.8,25,14,4.7,0,27.7,27.6,27.6,0
28,75,65.9,57,31,21,8,37,20,10,22,13,5,27.8,27.6,27.6,0
29,64,56.1,49,13,9.4,5,22,16.1,11,30,17.6,8,28,27.9,27.8,0
30,68,57.1,49,16,9.3,4,22,15.5,9,18,8.8,0,28,27.9,27.9,0
31,72,58.7,48,16,9.1,5,24,15.2,7,8,4.1,0,28,27.9,27.8,0
Nov,Max,Avg,Min,Max,Avg,Min,Max,Avg,Min,Max,Avg,Min,Max,Avg,Min,Total
1,74,61,51,20,11.3,7,25,15.5,8,9,4.5,0,27.9,27.8,27.8,0
2,76,62.4,51,23,14,9,26,16.4,8,9,3.5,0,27.9,27.8,27.8,0
3,77,63.3,50,24,17.9,11,31,18.8,8,8,3.4,0,27.9,27.8,27.8,0
4,77,63.6,51,27,20.4,15,33,20.8,10,7,3.4,0,27.8,27.8,27.7,0
5,76,64,52,25,21.7,17,32,21.1,12,8,3,0,27.7,27.6,27.6,0
6,85,72.6,55,39,31.8,23,33,23.2,15,28,12.8,0,27.6,27.5,27.5,0
7,75,69.2,62,42,36.6,32,43,30.7,23,29,16.6,3,27.7,27.6,27.5,0
8,68,61.5,57,30,22.3,18,32,22.7,15,24,14.3,5,27.9,27.8,27.7,0
9,68,58.8,52,20,15.2,9,28,19,11,21,11.3,6,27.9,27.9,27.8,0
10,67,56.6,45,18,12.1,4,31,18.2,10,12,4,0,27.8,27.8,27.7,0
11,70,56.5,45,19,12,7,27,18.3,9,8,3.4,0,27.9,27.8,27.8,0
12,72,57,44,21,16.7,11,37,22.7,10,8,3.7,0,27.9,27.8,27.8,0
13,72,58.2,46,30,22.4,16,41,27.1,14,8,3.5,0,27.8,27.8,27.7,0
14,74,60.4,49,35,31.2,29,50,34.8,21,7,5,0,27.8,27.7,27.7,0
15,70,60.6,50,53,39,31,87,47.5,29,8,4.8,0,27.8,27.7,27.6,0
16,66,59.4,54,52,50.9,48,90,74.4,56,8,2.9,0,27.8,27.7,27.7,0.05
17,68,59.4,52,49,46.1,44,80,62.9,43,8,2.8,0,27.8,27.7,27.7,0
18,72,61.4,52,49,44.3,39,89,56.3,30,17,6.9,0,27.7,27.6,27.6,0
19,66,58.8,52,42,29.1,18,66,35.9,18,31,17.7,3,27.8,27.7,27.6,0
20,63,55.3,50,22,17.5,13,31,23,18,30,17.9,7,28.1,28,27.9,0
21,64,55.2,48,28,23.6,22,39,30.1,21,15,6.3,0,28.2,28.1,28,0
22,66,54.4,43,29,24.4,21,49,32.8,19,7,2.7,0,28,27.9,27.7,0
23,63,52.8,46,29,27.2,23,50,38.4,24,7,3.6,0,27.6,27.5,27.4,0
24,60,54.3,48,31,24,17,48,32,19,21,12.7,5,27.7,27.6,27.5,0
25,58,49.8,44,23,20.8,18,43,32.6,22,18,10.8,0,27.9,27.8,27.7,0
26,58,48.8,42,22,20.6,19,41,33.4,24,14,7.9,0,27.9,27.9,27.8,0
27,59,48.1,39,20,17.6,15,43,31,18,12,5.5,0,27.9,27.9,27.9,0
28,62,50.3,40,25,19.1,15,47,31.4,16,7,3.9,0,27.9,27.9,27.8,0
29,61,51.6,43,27,23.3,20,51,34.6,21,13,5,0,27.7,27.6,27.5,0
30,61,52.8,44,28,25,22,49,34.9,26,14,5.5,0,27.6,27.5,27.5,0
Dec,Max,Avg,Min,Max,Avg,Min,Max,Avg,Min,Max,Avg,Min,Max,Avg,Min,Total
1,62,52.2,42,28,24,22,49,34.5,22,25,8.8,0,27.7,27.6,27.6,0
2,62,51.8,42,30,25.5,22,50,37,25,9,3.9,0,27.9,27.8,27.7,0
3,61,51.3,43,31,28.5,26,51,42.3,30,7,4.2,0,27.9,27.9,27.8,0
4,67,55.5,45,33,30.6,29,56,40.3,25,9,2.6,0,27.9,27.9,27.9,0
5,71,58,48,33,31.3,26,54,37.9,23,10,4.7,0,28,27.9,27.9,0
6,69,59,46,31,28.7,27,50,33.2,22,14,6.1,0,27.9,27.8,27.6,0
7,67,60,52,33,30.5,25,47,33.5,26,26,7.7,0,27.7,27.6,27.6,0
8,62,55.5,49,31,17,9,40,23,14,20,12.3,6,27.9,27.8,27.6,0
9,56,47.9,40,11,8.1,4,31,20.5,13,15,7.7,0,28.1,28.1,27.9,0
10,56,47.4,39,17,9,5,34,22.1,14,10,3.5,0,28.1,28,27.8,0
11,58,47.8,39,18,13.7,9,39,27,15,6,3.6,0,27.8,27.7,27.6,0
12,61,50.1,38,20,17.3,12,46,29.3,16,9,4.3,0,27.7,27.6,27.6,0
13,62,54.2,48,28,25.3,23,44,33.3,24,22,12.5,5,27.8,27.8,27.7,0
14,61,51,42,27,23.9,22,47,35.5,24,10,4.1,0,28,27.9,27.8,0
15,64,51.4,42,25,22.3,19,47,33.5,19,7,3.3,0,28,28,27.9,0
16,66,53,42,23,19,14,42,27.8,16,13,5.3,0,27.9,27.9,27.8,0
17,65,52.7,44,20,17.1,13,32,25.3,15,9,4.1,0,27.9,27.8,27.8,0
18,65,53.8,46,25,20.6,17,39,28.5,17,8,3.3,0,27.8,27.7,27.6,0
19,63,54.9,47,27,24.4,22,42,31.5,21,6,2.8,0,27.6,27.6,27.6,0
20,67,56.1,45,40,31.5,26,59,40.5,27,8,4,0,27.7,27.6,27.6,0
21,68,60.2,54,40,38.1,35,57,44.5,36,7,3.4,0,27.8,27.7,27.7,0
22,56,53.1,48,51,45.1,38,93,75.4,57,9,3.6,0,27.7,27.6,27.6,0
23,65,54.3,46,45,38.8,30,89,59.1,33,17,7.6,0,27.7,27.6,27.6,0.18
24,55,46.6,40,32,24,16,62,43.5,22,7,3.2,0,27.9,27.9,27.8,0
25,56,45.2,36,25,21.7,16,64,42.3,22,7,3.3,0,27.9,27.9,27.8,0
26,57,47.4,38,26,20.9,15,55,36.9,22,7,2.8,0,27.9,27.9,27.8,0
27,56,47.6,39,29,25.3,21,60,43.3,27,7,3.1,0,27.9,27.9,27.9,0
28,64,50.5,41,31,28.4,25,58,44.1,25,9,3.8,0,27.9,27.9,27.9,0
29,63,51,42,30,27.3,23,62,42.4,22,8,4.1,0,27.9,27.9,27.8,0
30,63,52.9,42,34,26.3,20,53,37.7,20,14,5.1,0,27.8,27.7,27.6,0
31,58,51.9,44,36,33.6,30,63,50.2,39,15,4.8,0,27.8,27.8,27.7,0
2024,,,,,,,,,,,,,,,,
Jan,Max,Avg,Min,Max,Avg,Min,Max,Avg,Min,Max,Avg,Min,Max,Avg,Min,Total
1,61,51.9,43,36,32.5,27,74,49.7,31,10,3.5,0,27.9,27.8,27.8,0
2,60,50.8,43,29,25.6,22,51,38.9,24,9,3.6,0,27.9,27.8,27.8,0
3,51,45.9,42,41,34,27,79,63.9,50,22,8.6,0,27.7,27.6,27.6,0
4,58,51.3,45,34,28,25,65,42.2,30,25,15.5,7,27.8,27.7,27.6,0.02
5,60,50.6,44,25,21.6,14,47,33.3,22,23,13,3,27.9,27.8,27.8,0
6,48,44.8,40,19,15.5,13,36,31,24,17,6.9,0,27.9,27.7,27.4,0
7,50,44.9,41,31,14,7,62,30.8,18,28,20.7,3,27.7,27.5,27.4,0
8,49,42.5,36,10,8,5,33,24.9,17,24,14.9,0,28,27.9,27.6,0
9,49,39.2,31,16,11.5,9,46,33.1,21,6,4,0,28,27.8,27.6,0
10,49,39.2,29,23,16.4,14,56,41.3,27,7,3.1,0,27.6,27.5,27.3,0
11,49,42.3,34,30,16.1,8,68,37.4,19,26,14.9,3,27.8,27.6,27.3,0
12,47,38.9,29,18,14,12,51,37.1,25,7,3.4,0,27.9,27.8,27.7,0
13,51,41.6,31,19,17.1,15,57,39.3,25,8,4.6,0,27.8,27.7,27.6,0
14,57,44.9,35,23,20.4,19,52,39.2,25,9,4.2,0,27.7,27.7,27.6,0
15,56,45.7,38,31,27.4,23,60,49.8,34,7,3.5,0,27.8,27.8,27.7,0
16,59,47.1,36,27,25.7,23,65,45.3,26,8,3.1,0,27.9,27.8,27.7,0
17,57,47.9,41,28,26.5,25,56,44.5,30,8,4,0,27.7,27.6,27.6,0
18,63,50.5,38,31,29.4,28,68,46.4,29,12,3.9,0,27.9,27.8,27.7,0
19,62,52.9,45,31,29.4,28,54,41.8,28,7,2.8,0,27.8,27.8,27.7,0
20,60,53.5,48,45,35.2,31,74,51.1,36,7,2.9,0,27.6,27.6,27.5,0
21,54,51.3,48,48,46.7,43,93,84.3,74,7,3.5,0,27.6,27.6,27.5,0
22,53,51.3,49,50,48.1,47,93,88.8,86,15,6.3,0,27.6,27.5,27.5,0.08
23,59,52.6,50,48,45.9,41,94,78.9,53,15,4.6,0,27.7,27.6,27.5,0.08
24,59,52.1,44,43,40.3,37,80,65.2,48,12,4.1,0,27.8,27.7,27.7,0.01
25,66,55.5,46,44,38,30,86,56,27,18,9.7,3,27.8,27.7,27.7,0
26,62,54.3,48,29,23.5,19,44,31.3,20,23,9.3,0,28,28,27.8,0
27,64,53.1,43,34,28.2,25,53,39.7,26,7,3.3,0,28.1,28,28,0
28,71,57.8,46,40,36.8,33,66,47.4,29,8,4.5,0,28,27.9,27.9,0
29,73,59.6,49,40,37.7,35,66,46.7,25,7,4,0,27.9,27.9,27.8,0
30,73,59.3,48,38,36.6,34,64,45.3,24,8,4.3,0,27.8,27.8,27.7,0
31,67,57.6,47,37,36.1,35,66,46.3,31,9,4.7,0,27.8,27.7,27.5,0
Feb,Max,Avg,Min,Max,Avg,Min,Max,Avg,Min,Max,Avg,Min,Max,Avg,Min,Total
1,58,51.6,44,44,41.4,36,93,69.7,44,13,6,0,27.5,27.4,27.4,0
2,58,48.7,44,44,39.8,32,96,74.5,41,13,5.1,0,27.5,27.4,27.4,0.14
3,59,49.3,40,36,34.1,31,77,57.8,36,10,4.5,0,27.7,27.6,27.5,0.01
4,52,49.1,47,42,39.4,35,80,69.3,61,10,5,0,27.8,27.7,27.7,0
5,50,49.1,47,45,42.5,39,86,78.4,66,12,5,0,27.7,27.6,27.5,0.08
6,50,48.3,46,48,43,39,93,82.2,74,13,6.5,0,27.5,27.3,27.3,0.42
7,56,49.8,43,42,36.8,33,90,62.2,44,18,8.9,0,27.4,27.4,27.3,0.18
8,49,45.4,41,39,33.8,28,82,65,48,15,7.2,0,27.7,27.5,27.4,0.05
9,52,45.2,40,38,35.2,33,79,68.5,50,17,5.7,0,27.7,27.7,27.6,0
10,54,47,42,36,26.5,22,79,47,30,23,14.3,8,27.9,27.7,27.6,0.02
11,54,46.4,40,28,22.5,19,58,40,28,16,9,3,27.9,27.9,27.9,0
12,56,47.2,38,31,26.6,23,62,46.5,28,10,3,0,27.9,27.8,27.7,0
13,60,49.7,38,35,30.8,29,70,50.3,31,8,3.4,0,27.7,27.7,27.6,0
14,63,53.1,42,34,32.1,29,70,47,29,9,4.8,0,27.8,27.7,27.7,0
15,65,57.1,49,37,32.1,29,55,39.8,28,16,5.5,0,27.8,27.8,27.7,0
16,67,58,50,37,34.3,33,55,42,28,13,4.5,0,27.8,27.8,27.7,0
17,65,57.5,49,36,32.7,29,61,40.8,26,9,4.3,0,27.8,27.7,27.6,0
18,70,60,51,37,35.1,33,54,40.3,27,13,4.4,0,27.7,27.6,27.6,0
19,71,62,51,43,38.5,33,56,42.5,32,15,6.8,0,27.7,27.7,27.6,0
20,61,54.4,51,52,48.8,43,96,82.3,52,16,6.8,0,27.8,27.8,27.7,0
21,63,53,49,49,45.7,39,97,79.3,43,8,2.5,0,27.8,27.7,27.7,0.21
22,66,55.7,45,40,36,31,76,49.9,28,9,4.2,0,27.9,27.9,27.8,0
23,66,57.4,49,33,28.5,24,50,34.6,20,9,3.3,0,27.9,27.9,27.8,0
24,68,58.5,50,34,28.3,22,50,33.3,17,10,4.2,0,27.8,27.8,27.7,0
25,68,58.4,48,35,32.8,31,58,39.6,25,8,4.3,0,27.8,27.7,27.6,0
26,76,61.6,49,39,32.7,26,56,36.3,16,30,12.5,0,27.6,27.5,27.4,0
27,70,61,51,39,26.5,13,61,31.2,11,23,10.9,0,27.7,27.6,27.4,0
28,66,55.2,45,27,21,12,49,29.1,13,7,3.9,0,27.8,27.7,27.7,0
29,72,59.1,44,39,29,24,51,33.8,17,25,12.3,3,27.7,27.6,27.6,0
Mar,Max,Avg,Min,Max,Avg,Min,Max,Avg,Min,Max,Avg,Min,Max,Avg,Min,Total
1,70,61.8,55,38,32.2,24,51,34.9,18,33,23.6,12,27.7,27.6,27.5,0
2,67,60.5,54,38,34,27,47,37.3,30,43,25.6,8,27.5,27.4,27.3,0
3,64,56.8,51,31,29,25,45,35.2,27,29,17.5,9,27.5,27.4,27.4,0
4,64,54.7,45,31,28.3,25,52,37.7,23,9,5.2,0,27.7,27.6,27.5,0
5,67,58.3,49,32,30.2,28,50,35.6,23,8,4.3,0,27.7,27.6,27.6,0
6,70,58.8,46,32,25.8,12,56,31.7,12,18,8.2,0,27.6,27.5,27.4,0
7,65,58.5,54,38,35.2,29,51,42.1,32,15,7,0,27.7,27.5,27.4,0
8,66,58.2,51,35,19,8,49,24,11,23,12.8,0,27.8,27.8,27.7,0
9,66,54.4,44,23,16.2,11,36,23.7,14,7,3,0,27.9,27.8,27.8,0
10,48,47,46,23,23,23,40,38.5,37,7,6.5,6,27.8,27.8,27.8,0
11,71,63.1,57,31,26,19,35,25,17,18,11,0,27.6,27.6,27.6,0
12,66,58.3,49,34,32.1,30,52,38,26,8,4,0,27.7,27.6,27.6,0
13,68,60.5,53,34,24,14,44,26.6,14,24,16.2,9,27.7,27.6,27.6,0
14,63,53.6,45,26,20.4,9,40,28,18,28,15.6,5,27.7,27.6,27.5,0
15,57,50.9,47,45,39,27,80,66.3,32,22,8.3,0,27.6,27.5,27.5,0.02
16,59,50,46,46,42.4,35,93,77.5,42,10,5.3,0,27.7,27.7,27.6,0.6
17,66,57.6,48,44,39.8,37,66,52.8,34,14,7.2,0,27.8,27.7,27.7,0.12
18,74,63.3,52,43,35.9,29,69,39.2,20,18,9.1,3,27.8,27.8,27.7,0
19,72,62.3,50,41,38.3,33,68,43.7,25,10,3.8,0,27.8,27.7,27.7,0
20,78,65.4,53,41,36.8,34,55,36.8,21,8,4,0,27.7,27.6,27.6,0
21,81,67.6,55,40,33.1,24,51,31.1,12,15,7.2,0,27.7,27.6,27.6,0
22,79,67,53,37,29.7,17,55,27.9,11,18,8,0,27.7,27.6,27.5,0
23,71,64.4,57,39,29.8,21,36,27.6,21,25,16.9,7,27.5,27.4,27.2,0
24,61,56.5,53,31,28.1,22,43,34.2,23,21,11.1,0,27.4,27.3,27.2,0
25,66,58.5,50,29,23.5,17,43,27.8,15,18,10,0,27.5,27.5,27.4,0
26,70,61.9,53,27,21.1,12,34,21.8,12,21,11.4,0,27.7,27.6,27.5,0
27,73,61.7,47,27,22.5,18,41,23.6,13,16,7.4,0,27.9,27.8,27.6,0
28,76,68.4,62,32,29.1,24,31,23.5,19,28,19.4,12,27.6,27.5,27.4,0
29,73,64.7,55,35,24.5,11,42,23.8,10,24,11.8,0,27.5,27.4,27.4,0
30,62,54.8,46,46,34.3,23,83,51.5,24,16,8.3,0,27.4,27.4,27.4,0
31,63,51.8,43,42,38.2,30,89,64.1,30,15,6.9,0,27.5,27.4,27.4,0.2
Apr,Max,Avg,Min,Max,Avg,Min,Max,Avg,Min,Max,Avg,Min,Max,Avg,Min,Total
1,68,59.2,50,42,33.9,27,74,42.8,21,17,9,3,27.8,27.6,27.5,0
2,74,64.8,56,35,28.7,26,39,26.7,18,18,9.5,0,27.9,27.9,27.8,0
3,80,67.4,54,34,30.9,26,45,27.7,16,17,7.5,0,27.9,27.8,27.6,0
4,79,68.1,57,37,29.9,19,42,26.6,11,30,16.5,6,27.5,27.4,27.3,0
5,58,52,47,30,22.7,16,48,32.5,21,26,16,6,27.6,27.4,27.3,0
6,65,55.5,46,30,17.9,10,52,25.8,13,20,10,0,27.8,27.8,27.6,0
7,67,57.7,47,21,18.7,15,34,23,14,16,5.5,0,27.8,27.7,27.6,0
8,67,61.8,56,28,18.6,11,34,20.1,12,20,13,0,27.7,27.6,27.6,0
9,77,65.8,54,24,17.3,14,23,16.2,10,16,10,0,27.8,27.8,27.7,0
10,81,69,54,32,26.9,23,35,21.8,14,8,4.4,0,27.8,27.8,27.7,0
11,86,73,58,32,26.3,17,36,19.8,8,8,3.5,0,27.7,27.6,27.5,0
12,88,74.3,59,32,26.4,20,32,18.8,8,21,9.9,0,27.6,27.5,27.4,0
13,81,71.9,63,35,23.8,14,34,17.8,9,29,15.8,0,27.6,27.6,27.5,0
14,71,62.2,57,37,26.4,15,44,27.7,14,26,16.3,9,27.7,27.6,27.6,0
15,76,65.3,53,34,29.9,26,48,28.8,16,23,13.6,5,27.7,27.6,27.6,0
16,83,72,59,28,26.6,23,31,19.5,13,15,5.8,0,27.8,27.7,27.6,0
17,89,76.1,61,31,28.1,24,31,18.3,10,13,5.4,0,27.7,27.6,27.5,0
18,86,75.6,65,33,27.8,23,26,17.9,10,13,6,0,27.6,27.6,27.5,0
19,87,76.2,62,30,27.7,26,30,18,11,9,3.6,0,27.6,27.5,27.4,0
20,90,79.3,66,35,31,28,28,18,12,12,4.7,0,27.7,27.6,27.5,0
21,93,80.8,65,35,31,26,33,17.6,9,9,3.7,0,27.7,27.6,27.6,0
22,95,82.9,68,35,27.7,17,30,15.6,6,21,8.7,0,27.6,27.5,27.4,0
23,91,80.9,67,33,28.5,22,27,15.6,10,20,10.2,3,27.5,27.5,27.5,0
24,86,76.8,67,35,26.8,18,30,17.3,8,20,11,3,27.6,27.5,27.4,0
25,80,73.3,65,38,35.3,27,36,25.4,20,21,10.3,0,27.5,27.5,27.4,0
26,67,59.7,51,48,42.2,36,80,54,32,30,9.4,0,27.5,27.4,27.4,0
27,78,67.2,56,41,34.6,27,53,32.6,15,26,13.9,5,27.6,27.5,27.4,0.23
28,82,72.4,62,36,31.1,28,35,22.8,14,14,6.2,0,27.7,27.6,27.6,0
29,86,75.2,60,39,32.3,26,46,23.3,12,17,9.3,0,27.6,27.5,27.4,0
30,90,78.6,68,33,29.5,22,25,17.4,11,15,8.1,0,27.6,27.5,27.4,0
May,Max,Avg,Min,Max,Avg,Min,Max,Avg,Min,Max,Avg,Min,Max,Avg,Min,Total
1,86,78.5,69,32,15.9,5,24,10.5,5,23,12.9,5,27.5,27.5,27.4,0
2,87,75.4,64,16,12.8,9,15,9.7,6,14,7.7,0,27.6,27.5,27.4,0
3,88,77.5,63,28,21.3,16,20,13,8,10,5.3,0,27.5,27.5,27.4,0
4,86,75.7,65,37,31.2,26,32,20.4,14,24,13.7,0,27.4,27.4,27.3,0
5,69,63.9,59,39,24,8,44,25,10,32,16.4,3,27.6,27.4,27.3,0
6,78,67.4,57,25,21.6,10,25,18.1,13,16,8.2,0,27.7,27.6,27.5,0
7,87,74.2,59,29,20.6,9,32,15.1,7,30,8.3,0,27.5,27.5,27.4,0
8,75,66.7,58,19,14.3,12,19,13.7,9,21,12.2,0,27.7,27.6,27.5,0
9,80,71.1,63,32,24.9,20,25,18.1,14,21,11.1,5,27.7,27.6,27.6,0
10,81,72.3,65,35,30.9,24,31,22.9,13,18,10.1,0,27.7,27.6,27.6,0
11,85,74.5,63,36,33.1,30,35,23.3,14,17,8.3,0,27.6,27.6,27.5,0
12,91,79.2,63,37,32,28,34,19.8,10,9,3.5,0,27.6,27.6,27.5,0
13,95,84,69,33,28.7,26,25,14.5,9,10,4.9,0,27.6,27.5,27.4,0
14,94,85.3,73,35,30.9,27,21,14.8,9,17,6,0,27.6,27.5,27.4,0
15,97,87,75,37,29.5,18,22,13.8,6,18,9.5,0,27.5,27.4,27.4,0
16,95,84.7,72,30,25.4,20,19,12,7,10,4.4,0,27.6,27.5,27.4,0
17,98,86.4,71,36,30,26,21,14.1,8,12,5.8,0,27.5,27.5,27.4,0
18,95,85.8,74,36,28.9,14,24,13.9,6,17,9,3,27.6,27.5,27.4,0
19,97,83.9,68,39,30.8,20,24,15.2,8,25,10.5,0,27.6,27.5,27.4,0
20,88,80.6,71,37,31.1,26,23,16.9,13,16,8,0,27.5,27.4,27.4,0
21,85,77.5,69,26,22.5,20,18,13.1,10,20,8.3,0,27.6,27.6,27.5,0.01
22,93,79.8,64,28,23.3,18,24,13.5,7,21,9.1,0,27.6,27.5,27.4,0
23,90,81.6,70,32,28.9,26,24,15.3,11,17,6,0,27.5,27.4,27.4,0
24,90,81.2,72,35,28.5,20,20,14.8,11,25,13.8,6,27.5,27.4,27.3,0
25,89,78.9,66,37,34.6,32,34,21,14,17,9.5,0,27.5,27.4,27.3,0
26,92,81.3,67,34,30.9,28,28,17.2,10,12,6.9,0,27.6,27.6,27.5,0
27,95,85.1,70,33,29.6,25,25,14.5,8,13,5.5,0,27.7,27.6,27.6,0
28,100,87.1,72,34,28.6,20,23,13.3,7,17,8.1,0,27.6,27.6,27.5,0
29,97,86.9,72,36,30.6,27,19,14,9,16,5.5,0,27.6,27.6,27.5,0
30,99,89.3,78,35,30.8,24,17,12.6,8,15,6.1,0,27.6,27.6,27.5,0
31,101,90.7,77,35,30.2,25,21,12,8,14,7,0,27.5,27.5,27.4,0
Jun,Max,Avg,Min,Max,Avg,Min,Max,Avg,Min,Max,Avg,Min,Max,Avg,Min,Total
1,100,90.6,76,37,29.3,23,21,12,6,20,10.4,0,27.5,27.4,27.4,0
2,98,88,76,35,31.6,27,22,13.8,9,15,6.3,0,27.5,27.4,27.4,0
3,102,91.2,78,39,35.6,33,21,14.5,9,20,8.8,0,27.5,27.4,27.4,0
4,102,92.8,83,44,40.6,38,22,16.7,12,17,7.5,0,27.6,27.5,27.4,0
5,107,95.4,81,44,41.1,39,26,16,10,9,4.8,0,27.6,27.5,27.5,0
6,110,98.8,85,44,41.1,37,21,14.3,9,15,6.5,0,27.6,27.5,27.4,0
7,109,98.2,84,44,36.6,28,21,12.7,6,18,8.5,0,27.5,27.4,27.3,0
8,106,96.7,85,49,42,34,25,16,9,21,11.5,3,27.5,27.4,27.4,0
9,102,92.5,83,45,34.1,17,26,14.3,6,17,10.3,0,27.6,27.5,27.4,0
10,101,90.4,75,31,27.6,21,17,10.9,7,9,5,0,27.6,27.5,27.5,0
11,106,94.3,81,35,29.5,25,18,10.7,6,12,4.8,0,27.6,27.5,27.5,0
12,109,95.4,77,33,27,15,19,9.7,4,18,9.3,0,27.6,27.6,27.5,0
13,103,94.2,81,35,31.4,25,16,11.1,8,18,8.6,0,27.6,27.6,27.5,0
14,106,95,80,37,31.7,28,21,11.4,7,14,5.6,0,27.6,27.5,27.4,0
15,107,95.5,81,37,31,23,19,11.1,6,16,8.4,0,27.5,27.4,27.3,0
16,103,92.5,80,31,27.2,21,16,10.2,6,18,9.3,0,27.4,27.3,27.2,0
17,102,90,79,34,28.5,12,18,11.7,6,25,11.1,0,27.4,27.3,27.2,0
18,90,81.3,72,25,12.7,4,13,7.6,6,29,9.3,0,27.6,27.5,27.4,0
19,98,86.5,73,27,20.1,14,17,9.5,5,18,7,0,27.5,27.5,27.4,0
20,103,91.4,75,35,32,26,22,12.7,8,13,4.4,0,27.5,27.4,27.3,0
21,107,94.3,80,38,34.7,30,21,13,7,15,5.4,0,27.5,27.4,27.4,0
22,109,96.6,79,46,38.2,33,23,13.8,9,14,6.8,0,27.6,27.5,27.5,0
23,110,100,86,52,46.7,44,28,17,11,17,8,0,27.6,27.5,27.4,0
24,112,102,92,56,49.8,43,27,18.3,10,16,9.1,0,27.6,27.5,27.4,0
25,110,101.2,88,57,52.9,48,29,20.1,16,24,8.8,0,27.6,27.5,27.4,0
26,109,100.1,90,61,52.3,44,38,21.4,13,18,10.5,0,27.6,27.5,27.4,0
27,109,100.4,91,49,43.7,36,23,15,10,26,14.9,3,27.5,27.4,27.3,0
28,106,96.3,85,37,30.4,20,18,10.5,5,21,11.4,0,27.5,27.4,27.3,0
29,108,96.4,82,38,30.3,21,20,10.6,5,17,9.3,0,27.6,27.5,27.4,0
30,107,95.7,80,35,26.7,19,17,9.4,4,28,10.5,0,27.6,27.5,27.5,0
Jul,Max,Avg,Min,Max,Avg,Min,Max,Avg,Min,Max,Avg,Min,Max,Avg,Min,Total
1,107,96.1,83,42,35.5,29,22,12.8,7,22,11.5,0,27.6,27.5,27.4,0
2,106,96.8,83,39,35.7,30,17,12.1,9,12,5,0,27.6,27.5,27.4,0
3,112,100.4,85,40,31.4,24,20,10,5,12,6.1,0,27.6,27.5,27.5,0
4,114,101.2,89,33,26.3,23,11,7.5,5,13,7.5,0,27.7,27.6,27.5,0
5,111,99.7,84,32,24.9,21,14,7.6,4,13,5.4,0,27.7,27.6,27.5,0
6,114,101.7,86,32,24.7,20,14,7.1,4,12,6.2,0,27.6,27.5,27.5,0
7,118,105.6,90,27,21.1,16,8,5.1,3,21,9.8,5,27.6,27.5,27.4,0
8,113,102.9,86,31,23.7,15,11,6.3,4,10,5.4,0,27.6,27.5,27.4,0
9,117,103.1,87,36,27.6,21,15,7.9,4,15,6.3,0,27.6,27.5,27.4,0
10,117,105.8,90,31,25.4,22,12,6.4,4,18,7.7,0,27.6,27.5,27.5,0
11,116,107.4,99,32,27.5,24,9,6.4,5,17,7.5,0,27.6,27.5,27.4,0
12,113,103.2,92,51,42.4,31,19,12.9,8,33,8.4,0,27.6,27.5,27.5,0
13,107,96.4,84,66,53.8,46,55,25.5,13,25,12.4,0,27.7,27.6,27.6,0
14,106,96.4,84,59,52,43,41,24,12,25,10.4,0,27.7,27.7,27.6,0.08
15,108,99.4,90,50,48,44,25,18,12,18,7.5,0,27.7,27.6,27.5,0
16,108,99.3,88,53,47.5,43,27,18,12,10,4.8,0,27.6,27.6,27.5,0
17,111,100.3,89,49,45.9,43,24,16.3,10,16,7,0,27.6,27.6,27.5,0
18,105,97.6,89,60,52.4,48,33,22.1,16,22,8,0,27.7,27.6,27.6,0
19,108,98.3,89,58,53.7,49,35,23.2,14,22,6,0,27.7,27.6,27.6,0
20,112,101.5,88,54,50.3,47,31,19,12,14,4.9,0,27.7,27.6,27.5,0
21,112,102,90,59,50.1,47,29,18,12,16,6.5,0,27.6,27.6,27.5,0
22,110,100.5,94,59,55.9,51,31,23.2,14,24,8.2,0,27.6,27.6,27.5,0
23,110,101.9,91,62,53.2,50,38,20.3,14,25,10.1,0,27.7,27.6,27.6,0
24,111,100.4,90,61,57.4,51,38,25.1,14,21,7.5,0,27.8,27.7,27.6,0
25,113,102.9,93,58,51.1,40,30,19,10,18,8.5,0,27.7,27.6,27.5,0
26,111,102.3,94,60,44.9,36,31,15,8,22,11.9,0,27.6,27.5,27.4,0
27,106,98.5,91,43,29,17,18,9.7,4,28,17.3,0,27.5,27.4,27.4,0
28,105,93.9,82,35,29,24,18,10.8,6,22,10.9,0,27.6,27.5,27.4,0
29,105,94.3,80,33,23.4,14,18,8.7,4,21,11.5,0,27.6,27.6,27.5,0
30,105,93.2,78,31,23.3,16,15,8.7,4,21,8.6,0,27.6,27.6,27.5,0
31,107,95,80,46,28.6,22,16,10,6,13,5.8,0,27.7,27.6,27.5,0
Aug,Max,Avg,Min,Max,Avg,Min,Max,Avg,Min,Max,Avg,Min,Max,Avg,Min,Total
1,106,97.9,87,56,47.9,38,24,18.5,15,12,5,0,27.7,27.7,27.6,0
2,103,96.9,91,58,55.3,53,33,25,19,18,8.4,0,27.8,27.7,27.7,0
3,108,98.9,88,57,51.5,43,34,21.5,11,17,6.7,0,27.7,27.6,27.5,0
4,111,100,86,48,43.8,40,27,15.5,9,17,6,0,27.6,27.6,27.5,0
5,112,99.9,87,52,45.8,41,23,16.5,10,17,8.4,3,27.6,27.6,27.5,0
6,113,102,89,56,45.5,38,27,16,8,15,6.9,0,27.7,27.6,27.5,0
7,107,98.1,90,63,60.4,56,36,29,22,20,12.8,7,27.7,27.6,27.5,0
8,103,95.3,85,63,60.5,52,43,32.1,20,26,10.1,6,27.6,27.6,27.5,0
9,103,94.5,85,62,58.6,55,44,30.9,21,12,6.5,0,27.6,27.6,27.5,0
10,108,99.4,89,59,56.8,53,36,25,17,16,7.4,0,27.6,27.6,27.5,0
11,104,96.4,89,63,61.2,58,42,31.5,22,23,13.5,7,27.7,27.6,27.5,0
12,105,96.7,86,63,56,42,46,27,15,18,13.1,8,27.6,27.5,27.4,0
13,104,95.7,86,45,40.4,34,23,15.3,10,20,14.3,6,27.6,27.5,27.5,0
14,103,93.3,83,43,32.7,24,24,13,6,18,10.3,3,27.6,27.6,27.6,0
15,105,91.5,75,38,30.9,25,22,12.4,6,16,7.4,0,27.6,27.6,27.5,0
16,108,94.8,76,54,38.8,29,23,14.7,10,16,8.4,0,27.6,27.6,27.5,0
17,106,98,91,58,50.1,32,31,20.2,12,28,11.6,5,27.6,27.5,27.5,0
18,104,94.9,84,53,43.5,32,26,17.3,13,20,10,0,27.7,27.6,27.6,0
19,107,96.8,84,54,46.1,29,35,19.6,8,16,6.9,0,27.7,27.6,27.6,0
20,110,97.3,83,44,31.4,20,24,11.4,5,21,7.7,0,27.7,27.6,27.5,0
21,107,97.7,85,58,27.1,14,29,9.3,4,22,11.9,3,27.6,27.6,27.5,0
22,103,94,83,49,31.2,21,19,11.3,5,23,9.1,0,27.6,27.5,27.4,0
23,98,89.2,79,31,24,17,16,10.1,5,23,13.4,0,27.6,27.5,27.5,0
24,95,86,76,32,23.8,14,20,11.2,5,28,17,8,27.6,27.6,27.5,0
25,93,84,76,38,33.7,26,24,17,11,21,11.9,0,27.7,27.7,27.6,0
26,96,86.1,75,33,28.8,25,18,13,8,17,7.4,0,27.8,27.8,27.7,0
27,102,88.5,73,35,30.4,28,24,13.3,8,13,4.8,0,27.7,27.7,27.6,0
28,105,91.9,77,36,31.4,28,19,12.2,7,15,6.5,0,27.7,27.6,27.5,0
29,104,92.8,78,41,36.6,33,23,14.5,9,12,4.5,0,27.7,27.6,27.6,0
30,105,93.9,82,44,39.7,37,24,15.8,10,14,4.6,0,27.8,27.7,27.6,0
31,104,94.4,85,48,42.9,40,24,17.3,12,24,6.4,0,27.7,27.7,27.6,0
Sep,Max,Avg,Min,Max,Avg,Min,Max,Avg,Min,Max,Avg,Min,Max,Avg,Min,Total
1,103,92.5,80,48,44.4,41,31,20,12,10,3.8,0,27.7,27.6,27.6,0
2,105,94.5,81,47,45,43,28,18.8,14,15,7.5,0,27.7,27.6,27.5,0
3,106,95.1,82,47,44.5,40,28,18.5,12,17,6,0,27.7,27.6,27.5,0
4,107,96.1,83,45,42.1,38,26,16.4,11,13,4.8,0,27.7,27.6,27.6,0
5,107,95.4,84,40,35,28,20,12.5,8,13,6.1,0,27.8,27.7,27.7,0
6,105,93.3,80,35,31.6,27,18,11.8,7,8,4.2,0,27.8,27.7,27.6,0
7,106,92.9,79,45,36.1,29,21,14.2,8,21,6.8,0,27.7,27.6,27.5,0
8,102,91.8,80,51,46.8,42,31,21.8,15,15,7.1,0,27.6,27.6,27.5,0
9,103,92.2,80,49,45.1,40,33,20.9,12,10,5,0,27.7,27.6,27.5,0
10,102,92.4,80,44,38.3,34,25,16,10,20,8.5,0,27.6,27.5,27.4,0
11,99,91.1,82,36,24.4,11,19,10.2,4,23,15,6,27.4,27.4,27.3,0
12,94,85.3,76,29,26.7,25,16,12.2,9,18,8.1,0,27.4,27.4,27.3,0
13,95,85.1,74,38,28.8,23,18,13.3,10,12,6.3,0,27.6,27.5,27.4,0
14,97,85.7,72,54,41.3,35,33,21.6,13,16,8.4,0,27.6,27.5,27.4,0
15,97,87.3,77,54,43.5,27,43,24.3,11,22,9.9,0,27.5,27.4,27.3,0
16,83,78.1,71,44,36.6,28,31,22.6,18,23,16.3,8,27.4,27.4,27.4,0
17,83,73.5,63,34,30,26,31,20.8,15,13,5.8,0,27.6,27.5,27.4,0
18,86,76,65,33,27.3,22,29,17.6,11,9,5.3,0,27.6,27.5,27.5,0
19,88,77.6,64,37,29.3,23,28,17.9,10,10,4.5,0,27.6,27.5,27.5,0
20,86,81.9,75,47,41.9,40,34,24.4,20,14,7.1,0,27.6,27.5,27.5,0
21,92,80.4,69,51,44.3,39,51,30.4,16,14,7.1,0,27.6,27.5,27.5,0
22,95,82.4,70,47,41.8,37,38,25.3,14,7,4.9,0,27.7,27.6,27.5,0
23,97,86,76,40,34.8,32,25,16.8,10,14,5.9,0,27.7,27.6,27.5,0
24,99,86.6,72,34,30.6,28,25,14.2,8,12,5.3,0,27.6,27.6,27.5,0
25,100,86.8,72,35,30.3,27,26,14.2,8,15,6.3,0,27.6,27.5,27.4,0
26,101,88.5,73,36,31,27,24,13.6,8,16,6,0,27.6,27.5,27.5,0
27,103,91.6,79,33,28.4,26,16,10.8,7,18,6.8,0,27.6,27.5,27.5,0
28,105,91.1,74,37,33.3,31,22,13.6,9,9,4.6,0,27.6,27.5,27.5,0
29,104,90.3,77,38,32.3,22,23,13.7,8,15,6.2,0,27.6,27.6,27.5,0
30,103,91.5,80,35,27,20,14,10,7,13,6,0,27.7,27.6,27.6,0
Oct,Max,Avg,Min,Max,Avg,Min,Max,Avg,Min,Max,Avg,Min,Max,Avg,Min,Total
1,105,92.1,77,35,30.4,29,17,11.4,7,13,5.8,0,27.8,27.7,27.6,0
2,103,91.4,82,33,28.4,26,16,11,7,16,7.9,0,27.7,27.6,27.5,0
3,102,88.6,76,33,28.1,25,18,12,7,12,5,0,27.6,27.5,27.5,0
4,105,88.5,73,36,31.5,27,23,14.2,7,18,5.9,0,27.7,27.6,27.6,0
5,102,90.7,82,35,31.7,30,17,12.6,9,14,7.7,0,27.8,27.7,27.7,0
6,101,88.9,77,35,32.7,30,22,14.3,8,14,5.7,0,27.8,27.7,27.6,0
7,100,87.5,75,35,32.4,30,23,14.8,9,9,3.5,0,27.7,27.6,27.6,0
8,99,88.1,78,34,31.6,28,20,13.6,9,13,6.3,0,27.6,27.6,27.5,0
9,97,83.9,70,35,30.4,23,26,15.8,8,8,4.5,0,27.7,27.6,27.6,0
10,97,83.2,67,32,27.8,22,22,14,9,12,6.4,0,27.8,27.7,27.6,0
11,97,84.2,72,34,28.3,20,25,14.5,7,16,7.8,0,27.8,27.7,27.7,0
12,96,80.6,66,32,27.7,24,26,15.5,9,12,5.7,0,27.8,27.7,27.6,0
13,92,78,65,29,25.3,21,26,15.4,8,12,5.5,0,27.7,27.6,27.6,0
14,92,78.6,67,30,25.6,23,22,14.9,9,9,4.3,0,27.7,27.7,27.6,0
15,92,78.6,65,35,30.3,22,27,17.9,11,8,3.5,0,27.8,27.7,27.6,0
16,91,79.1,65,36,33,31,32,19.8,12,17,8,3,27.7,27.6,27.4,0
17,85,76.7,67,40,35.6,29,32,23,14,30,12.1,0,27.4,27.4,27.3,0
18,72,63.8,57,35,24.1,20,32,22.6,16,35,23.4,6,27.7,27.6,27.4,0
19,77,67.8,61,38,30.5,23,34,25.1,21,24,10.7,0,27.9,27.8,27.7,0
20,77,68.5,60,40,37.3,35,41,32.3,24,8,4.8,0,27.9,27.8,27.8,0
21,79,64.5,0,40,36.4,0,53,34.4,0,8,4.5,0,27.9,27.8,27.7,0
22,82,69.5,58,38,36.2,34,47,30.8,18,7,4.4,0,27.9,27.8,27.7,0
23,86,71.9,59,38,35.9,33,44,28.5,17,7,3.1,0,27.8,27.7,27.6,0
24,83,71.5,61,35,32.4,28,34,24.4,17,10,5.3,0,27.7,27.6,27.6,0
25,84,69.6,57,37,33.3,29,38,27.1,18,7,3.5,0,27.8,27.7,27.7,0
26,84,70.8,58,39,33.9,31,41,26.8,18,8,3.8,0,27.9,27.8,27.8,0
27,81,72.3,61,37,32.3,28,36,23.6,17,12,4.4,0,27.8,27.7,27.5,0
28,80,73.7,62,37,33.8,30,36,23.8,17,30,21,13,27.5,27.4,27.3,0
29,66,58.9,53,37,28.7,21,55,33.5,19,30,16,7,27.7,27.5,27.4,0
30,62,55.4,48,24,18.6,16,35,24.2,18,17,7.1,0,27.9,27.8,27.7,0
31,67,55.5,45,25,22.2,20,42,28.5,19,9,4.5,0,27.8,27.7,27.6,0
Nov,Max,Avg,Min,Max,Avg,Min,Max,Avg,Min,Max,Avg,Min,Max,Avg,Min,Total
1,71,58.5,47,29,25.2,22,42,29.1,20,7,3,0,27.7,27.6,27.6,0
2,69,61.2,55,34,28.5,24,42,29.3,23,10,5.5,0,27.5,27.5,27.4,0
3,67,59.8,53,36,26.9,21,45,29.2,21,22,13.5,5,27.7,27.5,27.4,0
4,65,56.9,49,27,23.1,19,37,27.9,21,28,15.1,3,27.8,27.8,27.7,0
5,65,55.9,45,27,21.8,14,37,27.4,20,23,7.5,0,27.8,27.6,27.5,0
6,60,53.3,47,21,15.4,11,27,22.4,20,21,12.5,3,27.9,27.8,27.7,0
7,63,53.3,46,24,14.7,8,24,21.7,20,20,11.2,0,27.9,27.9,27.8,0
8,64,52.9,42,25,16,6,30,23.5,20,9,4.6,0,27.9,27.8,27.7,0
9,67,54.2,43,29,23,17,41,30.5,23,7,3.5,0,27.8,27.7,27.7,0
10,69,55.4,43,31,26,23,47,33,24,7,4,0,27.8,27.8,27.7,0
11,73,60.2,45,36,28.7,23,46,31.5,21,23,7.7,0,27.8,27.6,27.5,0
12,65,57.1,50,35,23.3,17,42,27.3,24,26,14,0,27.9,27.7,27.6,0
13,63,52.2,41,28,22.5,17,42,32.1,25,9,5.1,0,27.9,27.8,27.8,0
14,64,52.6,41,28,24.6,21,49,34.9,25,10,4,0,27.8,27.6,27.4,0
15,63,53.6,45,38,30.5,22,61,42.3,30,24,11.3,0,27.5,27.4,27.4,0
16,61,51.8,44,32,26.1,19,60,38.7,26,20,11.7,0,27.7,27.6,27.5,0
17,61,52,44,26,21.5,19,39,30.7,24,20,8.9,0,27.7,27.6,27.6,0
18,62,52.2,41,27,20.5,14,38,29.3,23,23,6,0,27.7,27.6,27.5,0
19,56,48.7,41,20,13.6,5,27,24.5,21,16,6.7,0,27.9,27.8,27.7,0
20,60,48.5,38,25,15.7,8,33,27.2,24,9,3.7,0,28,27.9,27.9,0
21,64,49.6,36,29,18.8,12,41,30.2,24,8,4.3,0,27.9,27.9,27.8,0